,ws,Technology,par,unit,est,year,val
0,ptes seasonal,pit thermal energy storage [ptes],charge efficiency,percent,lower,2020,1.0
1,ptes seasonal,pit thermal energy storage [ptes],charge efficiency,percent,lower,2050,1.0
2,ptes seasonal,pit thermal energy storage [ptes],charge efficiency,percent,upper,2020,1.0
3,ptes seasonal,pit thermal energy storage [ptes],charge efficiency,percent,upper,2050,1.0
4,ptes seasonal,pit thermal energy storage [ptes],charge efficiency,percent,control,2020,1.0
5,ptes seasonal,pit thermal energy storage [ptes],charge efficiency,percent,control,2025,1.0
6,ptes seasonal,pit thermal energy storage [ptes],charge efficiency,percent,control,2030,1.0
7,ptes seasonal,pit thermal energy storage [ptes],charge efficiency,percent,control,2035,1.0
8,ptes seasonal,pit thermal energy storage [ptes],charge efficiency,percent,control,2040,1.0
9,ptes seasonal,pit thermal energy storage [ptes],charge efficiency,percent,control,2050,1.0
10,ptes seasonal,pit thermal energy storage [ptes],discharge efficiency,percent,lower,2020,1.0
11,ptes seasonal,pit thermal energy storage [ptes],discharge efficiency,percent,lower,2050,1.0
12,ptes seasonal,pit thermal energy storage [ptes],discharge efficiency,percent,upper,2020,1.0
13,ptes seasonal,pit thermal energy storage [ptes],discharge efficiency,percent,upper,2050,1.0
14,ptes seasonal,pit thermal energy storage [ptes],discharge efficiency,percent,control,2020,1.0
15,ptes seasonal,pit thermal energy storage [ptes],discharge efficiency,percent,control,2025,1.0
16,ptes seasonal,pit thermal energy storage [ptes],discharge efficiency,percent,control,2030,1.0
17,ptes seasonal,pit thermal energy storage [ptes],discharge efficiency,percent,control,2035,1.0
18,ptes seasonal,pit thermal energy storage [ptes],discharge efficiency,percent,control,2040,1.0
19,ptes seasonal,pit thermal energy storage [ptes],discharge efficiency,percent,control,2050,1.0
30,ptes seasonal,pit thermal energy storage [ptes],auxiliary electricity consumption,percent,lower,2020,0.02
31,ptes seasonal,pit thermal energy storage [ptes],auxiliary electricity consumption,percent,lower,2050,0.02
32,ptes seasonal,pit thermal energy storage [ptes],auxiliary electricity consumption,percent,upper,2020,0.02
33,ptes seasonal,pit thermal energy storage [ptes],auxiliary electricity consumption,percent,upper,2050,0.02
34,ptes seasonal,pit thermal energy storage [ptes],auxiliary electricity consumption,percent,control,2020,0.02
35,ptes seasonal,pit thermal energy storage [ptes],auxiliary electricity consumption,percent,control,2025,0.02
36,ptes seasonal,pit thermal energy storage [ptes],auxiliary electricity consumption,percent,control,2030,0.02
37,ptes seasonal,pit thermal energy storage [ptes],auxiliary electricity consumption,percent,control,2035,0.02
38,ptes seasonal,pit thermal energy storage [ptes],auxiliary electricity consumption,percent,control,2040,0.02
39,ptes seasonal,pit thermal energy storage [ptes],auxiliary electricity consumption,percent,control,2050,0.02
40,ptes seasonal,pit thermal energy storage [ptes],construction time,years,lower,2020,2.0
41,ptes seasonal,pit thermal energy storage [ptes],construction time,years,lower,2050,2.0
42,ptes seasonal,pit thermal energy storage [ptes],construction time,years,upper,2020,2.0
43,ptes seasonal,pit thermal energy storage [ptes],construction time,years,upper,2050,2.0
44,ptes seasonal,pit thermal energy storage [ptes],construction time,years,control,2020,1.0
45,ptes seasonal,pit thermal energy storage [ptes],construction time,years,control,2025,2.0
46,ptes seasonal,pit thermal energy storage [ptes],construction time,years,control,2030,2.0
47,ptes seasonal,pit thermal energy storage [ptes],construction time,years,control,2035,2.0
48,ptes seasonal,pit thermal energy storage [ptes],construction time,years,control,2040,2.0
49,ptes seasonal,pit thermal energy storage [ptes],construction time,years,control,2050,2.0
50,ptes seasonal,pit thermal energy storage [ptes],energy losses during storage,K/day,lower,2020,0.04
51,ptes seasonal,pit thermal energy storage [ptes],energy losses during storage,K/day,lower,2050,0.04
52,ptes seasonal,pit thermal energy storage [ptes],energy losses during storage,K/day,upper,2020,0.1
53,ptes seasonal,pit thermal energy storage [ptes],energy losses during storage,K/day,upper,2050,0.1
54,ptes seasonal,pit thermal energy storage [ptes],energy losses during storage,K/day,control,2020,0.08
55,ptes seasonal,pit thermal energy storage [ptes],energy losses during storage,K/day,control,2025,0.08
56,ptes seasonal,pit thermal energy storage [ptes],energy losses during storage,K/day,control,2030,0.08
57,ptes seasonal,pit thermal energy storage [ptes],energy losses during storage,K/day,control,2035,0.08
58,ptes seasonal,pit thermal energy storage [ptes],energy losses during storage,K/day,control,2040,0.08
59,ptes seasonal,pit thermal energy storage [ptes],energy losses during storage,K/day,control,2050,0.08
60,ptes seasonal,pit thermal energy storage [ptes],energy storage capacity for one unit,MWh,lower,2020,4500.0
61,ptes seasonal,pit thermal energy storage [ptes],energy storage capacity for one unit,MWh,lower,2050,4500.0
62,ptes seasonal,pit thermal energy storage [ptes],energy storage capacity for one unit,MWh,upper,2020,4500.0
63,ptes seasonal,pit thermal energy storage [ptes],energy storage capacity for one unit,MWh,upper,2050,4500.0
64,ptes seasonal,pit thermal energy storage [ptes],energy storage capacity for one unit,MWh,control,2020,4500.0
65,ptes seasonal,pit thermal energy storage [ptes],energy storage capacity for one unit,MWh,control,2025,4500.0
66,ptes seasonal,pit thermal energy storage [ptes],energy storage capacity for one unit,MWh,control,2030,4500.0
67,ptes seasonal,pit thermal energy storage [ptes],energy storage capacity for one unit,MWh,control,2035,4500.0
68,ptes seasonal,pit thermal energy storage [ptes],energy storage capacity for one unit,MWh,control,2040,4500.0
69,ptes seasonal,pit thermal energy storage [ptes],energy storage capacity for one unit,MWh,control,2050,4500.0
70,ptes seasonal,pit thermal energy storage [ptes],forced outage,percent,lower,2020,0.0
71,ptes seasonal,pit thermal energy storage [ptes],forced outage,percent,lower,2050,0.0
72,ptes seasonal,pit thermal energy storage [ptes],forced outage,percent,upper,2020,0.0
73,ptes seasonal,pit thermal energy storage [ptes],forced outage,percent,upper,2050,0.0
74,ptes seasonal,pit thermal energy storage [ptes],forced outage,percent,control,2020,0.0
75,ptes seasonal,pit thermal energy storage [ptes],forced outage,percent,control,2025,0.0
76,ptes seasonal,pit thermal energy storage [ptes],forced outage,percent,control,2030,0.0
77,ptes seasonal,pit thermal energy storage [ptes],forced outage,percent,control,2035,0.0
78,ptes seasonal,pit thermal energy storage [ptes],forced outage,percent,control,2040,0.0
79,ptes seasonal,pit thermal energy storage [ptes],forced outage,percent,control,2050,0.0
90,ptes seasonal,pit thermal energy storage [ptes],input capacity for one unit,MW,lower,2020,30.0
91,ptes seasonal,pit thermal energy storage [ptes],input capacity for one unit,MW,lower,2050,30.0
92,ptes seasonal,pit thermal energy storage [ptes],input capacity for one unit,MW,upper,2020,150.0
93,ptes seasonal,pit thermal energy storage [ptes],input capacity for one unit,MW,upper,2050,200.0
94,ptes seasonal,pit thermal energy storage [ptes],input capacity for one unit,MW,control,2020,30.0
95,ptes seasonal,pit thermal energy storage [ptes],input capacity for one unit,MW,control,2025,30.0
96,ptes seasonal,pit thermal energy storage [ptes],input capacity for one unit,MW,control,2030,150.0
97,ptes seasonal,pit thermal energy storage [ptes],input capacity for one unit,MW,control,2035,200.0
98,ptes seasonal,pit thermal energy storage [ptes],input capacity for one unit,MW,control,2040,200.0
99,ptes seasonal,pit thermal energy storage [ptes],input capacity for one unit,MW,control,2050,200.0
100,ptes seasonal,pit thermal energy storage [ptes],output capacity for one unit,MW,lower,2020,30.0
101,ptes seasonal,pit thermal energy storage [ptes],output capacity for one unit,MW,lower,2050,30.0
102,ptes seasonal,pit thermal energy storage [ptes],output capacity for one unit,MW,upper,2020,150.0
103,ptes seasonal,pit thermal energy storage [ptes],output capacity for one unit,MW,upper,2050,200.0
104,ptes seasonal,pit thermal energy storage [ptes],output capacity for one unit,MW,control,2020,30.0
105,ptes seasonal,pit thermal energy storage [ptes],output capacity for one unit,MW,control,2025,30.0
106,ptes seasonal,pit thermal energy storage [ptes],output capacity for one unit,MW,control,2030,150.0
107,ptes seasonal,pit thermal energy storage [ptes],output capacity for one unit,MW,control,2035,200.0
108,ptes seasonal,pit thermal energy storage [ptes],output capacity for one unit,MW,control,2040,200.0
109,ptes seasonal,pit thermal energy storage [ptes],output capacity for one unit,MW,control,2050,200.0
110,ptes seasonal,pit thermal energy storage [ptes],planned outage,weeks/year,lower,2020,1.0
111,ptes seasonal,pit thermal energy storage [ptes],planned outage,weeks/year,lower,2050,1.0
112,ptes seasonal,pit thermal energy storage [ptes],planned outage,weeks/year,upper,2020,1.0
113,ptes seasonal,pit thermal energy storage [ptes],planned outage,weeks/year,upper,2050,1.0
114,ptes seasonal,pit thermal energy storage [ptes],planned outage,weeks/year,control,2020,1.0
115,ptes seasonal,pit thermal energy storage [ptes],planned outage,weeks/year,control,2025,1.0
116,ptes seasonal,pit thermal energy storage [ptes],planned outage,weeks/year,control,2030,1.0
117,ptes seasonal,pit thermal energy storage [ptes],planned outage,weeks/year,control,2035,1.0
118,ptes seasonal,pit thermal energy storage [ptes],planned outage,weeks/year,control,2040,1.0
119,ptes seasonal,pit thermal energy storage [ptes],planned outage,weeks/year,control,2050,1.0
120,ptes seasonal,pit thermal energy storage [ptes],round trip efficiency,percent,lower,2020,0.75
121,ptes seasonal,pit thermal energy storage [ptes],round trip efficiency,percent,lower,2050,0.8
122,ptes seasonal,pit thermal energy storage [ptes],round trip efficiency,percent,upper,2020,0.9
123,ptes seasonal,pit thermal energy storage [ptes],round trip efficiency,percent,upper,2050,0.95
124,ptes seasonal,pit thermal energy storage [ptes],round trip efficiency,percent,control,2020,0.8
125,ptes seasonal,pit thermal energy storage [ptes],round trip efficiency,percent,control,2025,0.8
126,ptes seasonal,pit thermal energy storage [ptes],round trip efficiency,percent,control,2030,0.8
127,ptes seasonal,pit thermal energy storage [ptes],round trip efficiency,percent,control,2035,0.8
128,ptes seasonal,pit thermal energy storage [ptes],round trip efficiency,percent,control,2040,0.8
129,ptes seasonal,pit thermal energy storage [ptes],round trip efficiency,percent,control,2050,0.8
130,ptes seasonal,pit thermal energy storage [ptes],technical lifetime,years,lower,2020,20.0
131,ptes seasonal,pit thermal energy storage [ptes],technical lifetime,years,lower,2050,30.0
132,ptes seasonal,pit thermal energy storage [ptes],technical lifetime,years,upper,2020,40.0
133,ptes seasonal,pit thermal energy storage [ptes],technical lifetime,years,upper,2050,50.0
134,ptes seasonal,pit thermal energy storage [ptes],technical lifetime,years,control,2020,20.0
135,ptes seasonal,pit thermal energy storage [ptes],technical lifetime,years,control,2025,30.0
136,ptes seasonal,pit thermal energy storage [ptes],technical lifetime,years,control,2030,30.0
137,ptes seasonal,pit thermal energy storage [ptes],technical lifetime,years,control,2035,30.0
138,ptes seasonal,pit thermal energy storage [ptes],technical lifetime,years,control,2040,30.0
139,ptes seasonal,pit thermal energy storage [ptes],technical lifetime,years,control,2050,30.0
140,ptes seasonal,pit thermal energy storage [ptes],hereof equipment,percent,lower,2020,75.0
141,ptes seasonal,pit thermal energy storage [ptes],hereof equipment,percent,lower,2050,75.0
142,ptes seasonal,pit thermal energy storage [ptes],hereof equipment,percent,upper,2020,75.0
143,ptes seasonal,pit thermal energy storage [ptes],hereof equipment,percent,upper,2050,75.0
144,ptes seasonal,pit thermal energy storage [ptes],hereof equipment,percent,control,2020,75.0
145,ptes seasonal,pit thermal energy storage [ptes],hereof equipment,percent,control,2025,75.0
146,ptes seasonal,pit thermal energy storage [ptes],hereof equipment,percent,control,2030,75.0
147,ptes seasonal,pit thermal energy storage [ptes],hereof equipment,percent,control,2035,75.0
148,ptes seasonal,pit thermal energy storage [ptes],hereof equipment,percent,control,2040,75.0
149,ptes seasonal,pit thermal energy storage [ptes],hereof equipment,percent,control,2050,75.0
150,ptes seasonal,pit thermal energy storage [ptes],hereof installation,percent,lower,2020,25.0
151,ptes seasonal,pit thermal energy storage [ptes],hereof installation,percent,lower,2050,25.0
152,ptes seasonal,pit thermal energy storage [ptes],hereof installation,percent,upper,2020,25.0
153,ptes seasonal,pit thermal energy storage [ptes],hereof installation,percent,upper,2050,25.0
154,ptes seasonal,pit thermal energy storage [ptes],hereof installation,percent,control,2020,25.0
155,ptes seasonal,pit thermal energy storage [ptes],hereof installation,percent,control,2025,25.0
156,ptes seasonal,pit thermal energy storage [ptes],hereof installation,percent,control,2030,25.0
157,ptes seasonal,pit thermal energy storage [ptes],hereof installation,percent,control,2035,25.0
158,ptes seasonal,pit thermal energy storage [ptes],hereof installation,percent,control,2040,25.0
159,ptes seasonal,pit thermal energy storage [ptes],hereof installation,percent,control,2050,25.0
160,ptes seasonal,pit thermal energy storage [ptes],fixed o&m,EUR_2020/GWh/year,lower,2020,2500000.0
161,ptes seasonal,pit thermal energy storage [ptes],fixed o&m,EUR_2020/GWh/year,lower,2050,2500000.0
162,ptes seasonal,pit thermal energy storage [ptes],fixed o&m,EUR_2020/GWh/year,upper,2020,2500000.0
163,ptes seasonal,pit thermal energy storage [ptes],fixed o&m,EUR_2020/GWh/year,upper,2050,2500000.0
164,ptes seasonal,pit thermal energy storage [ptes],fixed o&m,EUR_2020/GWh/year,control,2020,2500000.0
165,ptes seasonal,pit thermal energy storage [ptes],fixed o&m,EUR_2020/GWh/year,control,2025,2500000.0
166,ptes seasonal,pit thermal energy storage [ptes],fixed o&m,EUR_2020/GWh/year,control,2030,2500000.0
167,ptes seasonal,pit thermal energy storage [ptes],fixed o&m,EUR_2020/GWh/year,control,2035,2500000.0
168,ptes seasonal,pit thermal energy storage [ptes],fixed o&m,EUR_2020/GWh/year,control,2040,2500000.0
169,ptes seasonal,pit thermal energy storage [ptes],fixed o&m,EUR_2020/GWh/year,control,2050,2500000.0
170,ptes seasonal,pit thermal energy storage [ptes],specific investment,EUR_2020/GWh,lower,2020,903000.0
171,ptes seasonal,pit thermal energy storage [ptes],specific investment,EUR_2020/GWh,lower,2050,744000.0
172,ptes seasonal,pit thermal energy storage [ptes],specific investment,EUR_2020/GWh,upper,2020,1222000.0
173,ptes seasonal,pit thermal energy storage [ptes],specific investment,EUR_2020/GWh,upper,2050,1062000.0
174,ptes seasonal,pit thermal energy storage [ptes],specific investment,EUR_2020/GWh,control,2020,1062000.0
175,ptes seasonal,pit thermal energy storage [ptes],specific investment,EUR_2020/GWh,control,2025,1062000.0
176,ptes seasonal,pit thermal energy storage [ptes],specific investment,EUR_2020/GWh,control,2030,1062000.0
177,ptes seasonal,pit thermal energy storage [ptes],specific investment,EUR_2020/GWh,control,2035,1062000.0
178,ptes seasonal,pit thermal energy storage [ptes],specific investment,EUR_2020/GWh,control,2040,983000.0
179,ptes seasonal,pit thermal energy storage [ptes],specific investment,EUR_2020/GWh,control,2050,903000.0
180,ptes seasonal,pit thermal energy storage [ptes],variable o&m,EUR_2020/MWh,lower,2020,0.0
181,ptes seasonal,pit thermal energy storage [ptes],variable o&m,EUR_2020/MWh,lower,2050,0.0
182,ptes seasonal,pit thermal energy storage [ptes],variable o&m,EUR_2020/MWh,upper,2020,0.0
183,ptes seasonal,pit thermal energy storage [ptes],variable o&m,EUR_2020/MWh,upper,2050,0.0
184,ptes seasonal,pit thermal energy storage [ptes],variable o&m,EUR_2020/MWh,control,2020,0.0
185,ptes seasonal,pit thermal energy storage [ptes],variable o&m,EUR_2020/MWh,control,2025,0.0
186,ptes seasonal,pit thermal energy storage [ptes],variable o&m,EUR_2020/MWh,control,2030,0.0
187,ptes seasonal,pit thermal energy storage [ptes],variable o&m,EUR_2020/MWh,control,2040,0.0
188,ptes seasonal,pit thermal energy storage [ptes],variable o&m,EUR_2020/MWh,control,2050,0.0
189,ptes seasonal,pit thermal energy storage [ptes],"max. storage temperature, hot",C,lower,2020,90.0
190,ptes seasonal,pit thermal energy storage [ptes],"max. storage temperature, hot",C,lower,2050,90.0
191,ptes seasonal,pit thermal energy storage [ptes],"max. storage temperature, hot",C,upper,2020,90.0
192,ptes seasonal,pit thermal energy storage [ptes],"max. storage temperature, hot",C,upper,2050,90.0
193,ptes seasonal,pit thermal energy storage [ptes],"max. storage temperature, hot",C,control,2020,90.0
194,ptes seasonal,pit thermal energy storage [ptes],"max. storage temperature, hot",C,control,2025,90.0
195,ptes seasonal,pit thermal energy storage [ptes],"max. storage temperature, hot",C,control,2030,90.0
196,ptes seasonal,pit thermal energy storage [ptes],"max. storage temperature, hot",C,control,2035,90.0
197,ptes seasonal,pit thermal energy storage [ptes],"max. storage temperature, hot",C,control,2040,90.0
198,ptes seasonal,pit thermal energy storage [ptes],"max. storage temperature, hot",C,control,2050,90.0
209,ptes seasonal,pit thermal energy storage [ptes],"storage temperature, discharged",C,lower,2020,35.0
210,ptes seasonal,pit thermal energy storage [ptes],"storage temperature, discharged",C,lower,2050,35.0
211,ptes seasonal,pit thermal energy storage [ptes],"storage temperature, discharged",C,upper,2020,35.0
212,ptes seasonal,pit thermal energy storage [ptes],"storage temperature, discharged",C,upper,2050,35.0
213,ptes seasonal,pit thermal energy storage [ptes],"storage temperature, discharged",C,control,2020,35.0
214,ptes seasonal,pit thermal energy storage [ptes],"storage temperature, discharged",C,control,2025,35.0
215,ptes seasonal,pit thermal energy storage [ptes],"storage temperature, discharged",C,control,2030,35.0
216,ptes seasonal,pit thermal energy storage [ptes],"storage temperature, discharged",C,control,2035,35.0
217,ptes seasonal,pit thermal energy storage [ptes],"storage temperature, discharged",C,control,2040,35.0
218,ptes seasonal,pit thermal energy storage [ptes],"storage temperature, discharged",C,control,2050,35.0
219,ptes seasonal,pit thermal energy storage [ptes],storage volume for one unit,meter**3,lower,2020,70000.0
220,ptes seasonal,pit thermal energy storage [ptes],storage volume for one unit,meter**3,lower,2050,70000.0
221,ptes seasonal,pit thermal energy storage [ptes],storage volume for one unit,meter**3,upper,2020,70000.0
222,ptes seasonal,pit thermal energy storage [ptes],storage volume for one unit,meter**3,upper,2050,70000.0
223,ptes seasonal,pit thermal energy storage [ptes],storage volume for one unit,meter**3,control,2020,70000.0
224,ptes seasonal,pit thermal energy storage [ptes],storage volume for one unit,meter**3,control,2025,70000.0
225,ptes seasonal,pit thermal energy storage [ptes],storage volume for one unit,meter**3,control,2030,70000.0
226,ptes seasonal,pit thermal energy storage [ptes],storage volume for one unit,meter**3,control,2035,70000.0
227,ptes seasonal,pit thermal energy storage [ptes],storage volume for one unit,meter**3,control,2040,70000.0
228,ptes seasonal,pit thermal energy storage [ptes],storage volume for one unit,meter**3,control,2050,70000.0
229,large hot water tank,large-scale hot water tanks (steel),charge efficiency,percent,lower,2020,100.0
230,large hot water tank,large-scale hot water tanks (steel),charge efficiency,percent,lower,2050,100.0
231,large hot water tank,large-scale hot water tanks (steel),charge efficiency,percent,upper,2020,100.0
232,large hot water tank,large-scale hot water tanks (steel),charge efficiency,percent,upper,2050,100.0
233,large hot water tank,large-scale hot water tanks (steel),charge efficiency,percent,control,2015,100.0
234,large hot water tank,large-scale hot water tanks (steel),charge efficiency,percent,control,2020,100.0
235,large hot water tank,large-scale hot water tanks (steel),charge efficiency,percent,control,2030,100.0
236,large hot water tank,large-scale hot water tanks (steel),charge efficiency,percent,control,2040,100.0
237,large hot water tank,large-scale hot water tanks (steel),charge efficiency,percent,control,2050,100.0
238,large hot water tank,large-scale hot water tanks (steel),discharge efficiency,percent,lower,2020,100.0
239,large hot water tank,large-scale hot water tanks (steel),discharge efficiency,percent,lower,2050,100.0
240,large hot water tank,large-scale hot water tanks (steel),discharge efficiency,percent,upper,2020,100.0
241,large hot water tank,large-scale hot water tanks (steel),discharge efficiency,percent,upper,2050,100.0
242,large hot water tank,large-scale hot water tanks (steel),discharge efficiency,percent,control,2015,100.0
243,large hot water tank,large-scale hot water tanks (steel),discharge efficiency,percent,control,2020,100.0
244,large hot water tank,large-scale hot water tanks (steel),discharge efficiency,percent,control,2030,100.0
245,large hot water tank,large-scale hot water tanks (steel),discharge efficiency,percent,control,2040,100.0
246,large hot water tank,large-scale hot water tanks (steel),discharge efficiency,percent,control,2050,100.0
256,large hot water tank,large-scale hot water tanks (steel),auxiliary electricity consumption,percent,lower,2020,0.0
257,large hot water tank,large-scale hot water tanks (steel),auxiliary electricity consumption,percent,lower,2050,0.0
258,large hot water tank,large-scale hot water tanks (steel),auxiliary electricity consumption,percent,upper,2020,1.0
259,large hot water tank,large-scale hot water tanks (steel),auxiliary electricity consumption,percent,upper,2050,1.0
260,large hot water tank,large-scale hot water tanks (steel),auxiliary electricity consumption,percent,control,2015,1.0
261,large hot water tank,large-scale hot water tanks (steel),auxiliary electricity consumption,percent,control,2020,1.0
262,large hot water tank,large-scale hot water tanks (steel),auxiliary electricity consumption,percent,control,2030,1.0
263,large hot water tank,large-scale hot water tanks (steel),auxiliary electricity consumption,percent,control,2040,1.0
264,large hot water tank,large-scale hot water tanks (steel),auxiliary electricity consumption,percent,control,2050,1.0
265,large hot water tank,large-scale hot water tanks (steel),construction time,years,lower,2020,0.5
266,large hot water tank,large-scale hot water tanks (steel),construction time,years,lower,2050,0.5
267,large hot water tank,large-scale hot water tanks (steel),construction time,years,upper,2020,1.0
268,large hot water tank,large-scale hot water tanks (steel),construction time,years,upper,2050,1.0
269,large hot water tank,large-scale hot water tanks (steel),construction time,years,control,2015,0.5
270,large hot water tank,large-scale hot water tanks (steel),construction time,years,control,2020,0.5
271,large hot water tank,large-scale hot water tanks (steel),construction time,years,control,2030,0.5
272,large hot water tank,large-scale hot water tanks (steel),construction time,years,control,2040,0.5
273,large hot water tank,large-scale hot water tanks (steel),construction time,years,control,2050,0.5
274,large hot water tank,large-scale hot water tanks (steel),energy losses during storage,percent/day,lower,2020,0.143
275,large hot water tank,large-scale hot water tanks (steel),energy losses during storage,percent/day,lower,2050,0.143
276,large hot water tank,large-scale hot water tanks (steel),energy losses during storage,percent/day,upper,2020,0.243
277,large hot water tank,large-scale hot water tanks (steel),energy losses during storage,percent/day,upper,2050,0.243
278,large hot water tank,large-scale hot water tanks (steel),energy losses during storage,percent/day,control,2015,0.186
279,large hot water tank,large-scale hot water tanks (steel),energy losses during storage,percent/day,control,2020,0.186
280,large hot water tank,large-scale hot water tanks (steel),energy losses during storage,percent/day,control,2030,0.186
281,large hot water tank,large-scale hot water tanks (steel),energy losses during storage,percent/day,control,2040,0.186
282,large hot water tank,large-scale hot water tanks (steel),energy losses during storage,percent/day,control,2050,0.186
283,large hot water tank,large-scale hot water tanks (steel),energy storage capacity for one unit,MWh,lower,2020,45.0
284,large hot water tank,large-scale hot water tanks (steel),energy storage capacity for one unit,MWh,lower,2050,45.0
285,large hot water tank,large-scale hot water tanks (steel),energy storage capacity for one unit,MWh,upper,2020,315.0
286,large hot water tank,large-scale hot water tanks (steel),energy storage capacity for one unit,MWh,upper,2050,315.0
287,large hot water tank,large-scale hot water tanks (steel),energy storage capacity for one unit,MWh,control,2015,175.0
288,large hot water tank,large-scale hot water tanks (steel),energy storage capacity for one unit,MWh,control,2020,175.0
289,large hot water tank,large-scale hot water tanks (steel),energy storage capacity for one unit,MWh,control,2030,175.0
290,large hot water tank,large-scale hot water tanks (steel),energy storage capacity for one unit,MWh,control,2040,175.0
291,large hot water tank,large-scale hot water tanks (steel),energy storage capacity for one unit,MWh,control,2050,175.0
292,large hot water tank,large-scale hot water tanks (steel),forced outage,percent,lower,2020,0.0
293,large hot water tank,large-scale hot water tanks (steel),forced outage,percent,lower,2050,0.0
294,large hot water tank,large-scale hot water tanks (steel),forced outage,percent,upper,2020,3.0
295,large hot water tank,large-scale hot water tanks (steel),forced outage,percent,upper,2050,3.0
296,large hot water tank,large-scale hot water tanks (steel),forced outage,percent,control,2015,0.0
297,large hot water tank,large-scale hot water tanks (steel),forced outage,percent,control,2020,0.0
298,large hot water tank,large-scale hot water tanks (steel),forced outage,percent,control,2030,0.0
299,large hot water tank,large-scale hot water tanks (steel),forced outage,percent,control,2040,0.0
300,large hot water tank,large-scale hot water tanks (steel),forced outage,percent,control,2050,0.0
310,large hot water tank,large-scale hot water tanks (steel),input capacity for one unit,MW,lower,2020,0.8
311,large hot water tank,large-scale hot water tanks (steel),input capacity for one unit,MW,lower,2050,0.8
312,large hot water tank,large-scale hot water tanks (steel),input capacity for one unit,MW,upper,2020,5.3
313,large hot water tank,large-scale hot water tanks (steel),input capacity for one unit,MW,upper,2050,5.3
314,large hot water tank,large-scale hot water tanks (steel),input capacity for one unit,MW,control,2015,2.9
315,large hot water tank,large-scale hot water tanks (steel),input capacity for one unit,MW,control,2020,2.9
316,large hot water tank,large-scale hot water tanks (steel),input capacity for one unit,MW,control,2030,2.9
317,large hot water tank,large-scale hot water tanks (steel),input capacity for one unit,MW,control,2040,2.9
318,large hot water tank,large-scale hot water tanks (steel),input capacity for one unit,MW,control,2050,2.9
319,large hot water tank,large-scale hot water tanks (steel),output capacity for one unit,MW,lower,2020,0.8
320,large hot water tank,large-scale hot water tanks (steel),output capacity for one unit,MW,lower,2050,0.8
321,large hot water tank,large-scale hot water tanks (steel),output capacity for one unit,MW,upper,2020,5.3
322,large hot water tank,large-scale hot water tanks (steel),output capacity for one unit,MW,upper,2050,5.3
323,large hot water tank,large-scale hot water tanks (steel),output capacity for one unit,MW,control,2015,2.9
324,large hot water tank,large-scale hot water tanks (steel),output capacity for one unit,MW,control,2020,2.9
325,large hot water tank,large-scale hot water tanks (steel),output capacity for one unit,MW,control,2030,2.9
326,large hot water tank,large-scale hot water tanks (steel),output capacity for one unit,MW,control,2040,2.9
327,large hot water tank,large-scale hot water tanks (steel),output capacity for one unit,MW,control,2050,2.9
328,large hot water tank,large-scale hot water tanks (steel),planned outage,weeks/year,lower,2020,0.0
329,large hot water tank,large-scale hot water tanks (steel),planned outage,weeks/year,lower,2050,0.0
330,large hot water tank,large-scale hot water tanks (steel),planned outage,weeks/year,upper,2020,4.0
331,large hot water tank,large-scale hot water tanks (steel),planned outage,weeks/year,upper,2050,4.0
332,large hot water tank,large-scale hot water tanks (steel),planned outage,weeks/year,control,2015,1.0
333,large hot water tank,large-scale hot water tanks (steel),planned outage,weeks/year,control,2020,1.0
334,large hot water tank,large-scale hot water tanks (steel),planned outage,weeks/year,control,2030,1.0
335,large hot water tank,large-scale hot water tanks (steel),planned outage,weeks/year,control,2040,1.0
336,large hot water tank,large-scale hot water tanks (steel),planned outage,weeks/year,control,2050,1.0
337,large hot water tank,large-scale hot water tanks (steel),round trip efficiency,percent,lower,2020,96.0
338,large hot water tank,large-scale hot water tanks (steel),round trip efficiency,percent,lower,2050,96.0
339,large hot water tank,large-scale hot water tanks (steel),round trip efficiency,percent,upper,2020,99.0
340,large hot water tank,large-scale hot water tanks (steel),round trip efficiency,percent,upper,2050,99.0
341,large hot water tank,large-scale hot water tanks (steel),round trip efficiency,percent,control,2015,98.0
342,large hot water tank,large-scale hot water tanks (steel),round trip efficiency,percent,control,2020,98.0
343,large hot water tank,large-scale hot water tanks (steel),round trip efficiency,percent,control,2030,98.0
344,large hot water tank,large-scale hot water tanks (steel),round trip efficiency,percent,control,2040,98.0
345,large hot water tank,large-scale hot water tanks (steel),round trip efficiency,percent,control,2050,98.0
346,large hot water tank,large-scale hot water tanks (steel),technical lifetime,years,lower,2020,30.0
347,large hot water tank,large-scale hot water tanks (steel),technical lifetime,years,lower,2050,30.0
348,large hot water tank,large-scale hot water tanks (steel),technical lifetime,years,upper,2020,50.0
349,large hot water tank,large-scale hot water tanks (steel),technical lifetime,years,upper,2050,50.0
350,large hot water tank,large-scale hot water tanks (steel),technical lifetime,years,control,2015,40.0
351,large hot water tank,large-scale hot water tanks (steel),technical lifetime,years,control,2020,40.0
352,large hot water tank,large-scale hot water tanks (steel),technical lifetime,years,control,2030,40.0
353,large hot water tank,large-scale hot water tanks (steel),technical lifetime,years,control,2040,40.0
354,large hot water tank,large-scale hot water tanks (steel),technical lifetime,years,control,2050,40.0
355,large hot water tank,large-scale hot water tanks (steel),hereof equipment,percent,lower,2020,67.41
356,large hot water tank,large-scale hot water tanks (steel),hereof equipment,percent,lower,2050,67.41
357,large hot water tank,large-scale hot water tanks (steel),hereof equipment,percent,upper,2020,67.41
358,large hot water tank,large-scale hot water tanks (steel),hereof equipment,percent,upper,2050,67.41
359,large hot water tank,large-scale hot water tanks (steel),hereof equipment,percent,control,2015,67.41
360,large hot water tank,large-scale hot water tanks (steel),hereof equipment,percent,control,2020,67.41
361,large hot water tank,large-scale hot water tanks (steel),hereof equipment,percent,control,2030,67.41
362,large hot water tank,large-scale hot water tanks (steel),hereof equipment,percent,control,2040,67.41
363,large hot water tank,large-scale hot water tanks (steel),hereof equipment,percent,control,2050,67.41
364,large hot water tank,large-scale hot water tanks (steel),hereof installation,percent,lower,2020,28.89
365,large hot water tank,large-scale hot water tanks (steel),hereof installation,percent,lower,2050,28.89
366,large hot water tank,large-scale hot water tanks (steel),hereof installation,percent,upper,2020,28.89
367,large hot water tank,large-scale hot water tanks (steel),hereof installation,percent,upper,2050,28.89
368,large hot water tank,large-scale hot water tanks (steel),hereof installation,percent,control,2015,28.89
369,large hot water tank,large-scale hot water tanks (steel),hereof installation,percent,control,2020,28.89
370,large hot water tank,large-scale hot water tanks (steel),hereof installation,percent,control,2030,28.89
371,large hot water tank,large-scale hot water tanks (steel),hereof installation,percent,control,2040,28.89
372,large hot water tank,large-scale hot water tanks (steel),hereof installation,percent,control,2050,28.89
373,large hot water tank,large-scale hot water tanks (steel),fixed o&m,EUR_2020/MWh/year,lower,2020,4.876
374,large hot water tank,large-scale hot water tanks (steel),fixed o&m,EUR_2020/MWh/year,lower,2050,4.876
375,large hot water tank,large-scale hot water tanks (steel),fixed o&m,EUR_2020/MWh/year,upper,2020,34.135
376,large hot water tank,large-scale hot water tanks (steel),fixed o&m,EUR_2020/MWh/year,upper,2050,34.135
377,large hot water tank,large-scale hot water tanks (steel),fixed o&m,EUR_2020/MWh/year,control,2015,8.807
378,large hot water tank,large-scale hot water tanks (steel),fixed o&m,EUR_2020/MWh/year,control,2020,8.807
379,large hot water tank,large-scale hot water tanks (steel),fixed o&m,EUR_2020/MWh/year,control,2030,8.807
380,large hot water tank,large-scale hot water tanks (steel),fixed o&m,EUR_2020/MWh/year,control,2040,8.807
381,large hot water tank,large-scale hot water tanks (steel),fixed o&m,EUR_2020/MWh/year,control,2050,8.807
382,large hot water tank,large-scale hot water tanks (steel),specific investment,EUR_2020/GWh,lower,2020,2211000.0
383,large hot water tank,large-scale hot water tanks (steel),specific investment,EUR_2020/GWh,lower,2050,2211000.0
384,large hot water tank,large-scale hot water tanks (steel),specific investment,EUR_2020/GWh,upper,2020,8177000.0
385,large hot water tank,large-scale hot water tanks (steel),specific investment,EUR_2020/GWh,upper,2050,8177000.0
386,large hot water tank,large-scale hot water tanks (steel),specific investment,EUR_2020/GWh,control,2015,3036000.0
387,large hot water tank,large-scale hot water tanks (steel),specific investment,EUR_2020/GWh,control,2020,3036000.0
388,large hot water tank,large-scale hot water tanks (steel),specific investment,EUR_2020/GWh,control,2030,3036000.0
389,large hot water tank,large-scale hot water tanks (steel),specific investment,EUR_2020/GWh,control,2040,3036000.0
390,large hot water tank,large-scale hot water tanks (steel),specific investment,EUR_2020/GWh,control,2050,3036000.0
391,large hot water tank,large-scale hot water tanks (steel),variable o&m,EUR_2020/MWh,lower,2020,0.0
392,large hot water tank,large-scale hot water tanks (steel),variable o&m,EUR_2020/MWh,lower,2050,0.0
393,large hot water tank,large-scale hot water tanks (steel),variable o&m,EUR_2020/MWh,upper,2020,0.0
394,large hot water tank,large-scale hot water tanks (steel),variable o&m,EUR_2020/MWh,upper,2050,0.0
395,large hot water tank,large-scale hot water tanks (steel),variable o&m,EUR_2020/MWh,control,2015,0.0
396,large hot water tank,large-scale hot water tanks (steel),variable o&m,EUR_2020/MWh,control,2020,0.0
397,large hot water tank,large-scale hot water tanks (steel),variable o&m,EUR_2020/MWh,control,2030,0.0
398,large hot water tank,large-scale hot water tanks (steel),variable o&m,EUR_2020/MWh,control,2040,0.0
399,large hot water tank,large-scale hot water tanks (steel),variable o&m,EUR_2020/MWh,control,2050,0.0
400,large hot water tank,large-scale hot water tanks (steel),tank volume of example,meter**3,lower,2020,1500.0
401,large hot water tank,large-scale hot water tanks (steel),tank volume of example,meter**3,lower,2050,1500.0
402,large hot water tank,large-scale hot water tanks (steel),tank volume of example,meter**3,upper,2020,5000.0
403,large hot water tank,large-scale hot water tanks (steel),tank volume of example,meter**3,upper,2050,5000.0
404,large hot water tank,large-scale hot water tanks (steel),tank volume of example,meter**3,control,2015,3000.0
405,large hot water tank,large-scale hot water tanks (steel),tank volume of example,meter**3,control,2020,3000.0
406,large hot water tank,large-scale hot water tanks (steel),tank volume of example,meter**3,control,2030,3000.0
407,large hot water tank,large-scale hot water tanks (steel),tank volume of example,meter**3,control,2040,3000.0
408,large hot water tank,large-scale hot water tanks (steel),tank volume of example,meter**3,control,2050,3000.0
409,large hot water tank,large-scale hot water tanks (steel),typical temperature difference in storage,K,lower,2020,30.0
410,large hot water tank,large-scale hot water tanks (steel),typical temperature difference in storage,K,lower,2050,30.0
411,large hot water tank,large-scale hot water tanks (steel),typical temperature difference in storage,K,upper,2020,60.0
412,large hot water tank,large-scale hot water tanks (steel),typical temperature difference in storage,K,upper,2050,60.0
413,large hot water tank,large-scale hot water tanks (steel),typical temperature difference in storage,K,control,2015,55.0
414,large hot water tank,large-scale hot water tanks (steel),typical temperature difference in storage,K,control,2020,55.0
415,large hot water tank,large-scale hot water tanks (steel),typical temperature difference in storage,K,control,2030,55.0
416,large hot water tank,large-scale hot water tanks (steel),typical temperature difference in storage,K,control,2040,55.0
417,large hot water tank,large-scale hot water tanks (steel),typical temperature difference in storage,K,control,2050,55.0
418,small scale hot water tank,small-scale hot water tanks (steel),charge efficiency,percent,lower,2020,100.0
419,small scale hot water tank,small-scale hot water tanks (steel),charge efficiency,percent,lower,2050,100.0
420,small scale hot water tank,small-scale hot water tanks (steel),charge efficiency,percent,upper,2020,100.0
421,small scale hot water tank,small-scale hot water tanks (steel),charge efficiency,percent,upper,2050,100.0
422,small scale hot water tank,small-scale hot water tanks (steel),charge efficiency,percent,control,2015,100.0
423,small scale hot water tank,small-scale hot water tanks (steel),charge efficiency,percent,control,2020,100.0
424,small scale hot water tank,small-scale hot water tanks (steel),charge efficiency,percent,control,2030,100.0
425,small scale hot water tank,small-scale hot water tanks (steel),charge efficiency,percent,control,2040,100.0
426,small scale hot water tank,small-scale hot water tanks (steel),charge efficiency,percent,control,2050,100.0
427,small scale hot water tank,small-scale hot water tanks (steel),discharge efficiency,percent,lower,2020,100.0
428,small scale hot water tank,small-scale hot water tanks (steel),discharge efficiency,percent,lower,2050,100.0
429,small scale hot water tank,small-scale hot water tanks (steel),discharge efficiency,percent,upper,2020,100.0
430,small scale hot water tank,small-scale hot water tanks (steel),discharge efficiency,percent,upper,2050,100.0
431,small scale hot water tank,small-scale hot water tanks (steel),discharge efficiency,percent,control,2015,100.0
432,small scale hot water tank,small-scale hot water tanks (steel),discharge efficiency,percent,control,2020,100.0
433,small scale hot water tank,small-scale hot water tanks (steel),discharge efficiency,percent,control,2030,100.0
434,small scale hot water tank,small-scale hot water tanks (steel),discharge efficiency,percent,control,2040,100.0
435,small scale hot water tank,small-scale hot water tanks (steel),discharge efficiency,percent,control,2050,100.0
445,small scale hot water tank,small-scale hot water tanks (steel),auxiliary electricity consumption,percent,lower,2020,0.0
446,small scale hot water tank,small-scale hot water tanks (steel),auxiliary electricity consumption,percent,lower,2050,0.0
447,small scale hot water tank,small-scale hot water tanks (steel),auxiliary electricity consumption,percent,upper,2020,1.0
448,small scale hot water tank,small-scale hot water tanks (steel),auxiliary electricity consumption,percent,upper,2050,1.0
449,small scale hot water tank,small-scale hot water tanks (steel),auxiliary electricity consumption,percent,control,2015,1.0
450,small scale hot water tank,small-scale hot water tanks (steel),auxiliary electricity consumption,percent,control,2020,1.0
451,small scale hot water tank,small-scale hot water tanks (steel),auxiliary electricity consumption,percent,control,2030,1.0
452,small scale hot water tank,small-scale hot water tanks (steel),auxiliary electricity consumption,percent,control,2040,1.0
453,small scale hot water tank,small-scale hot water tanks (steel),auxiliary electricity consumption,percent,control,2050,1.0
454,small scale hot water tank,small-scale hot water tanks (steel),construction time,years,lower,2020,0.0
455,small scale hot water tank,small-scale hot water tanks (steel),construction time,years,lower,2050,0.0
456,small scale hot water tank,small-scale hot water tanks (steel),construction time,years,upper,2020,0.0
457,small scale hot water tank,small-scale hot water tanks (steel),construction time,years,upper,2050,0.0
458,small scale hot water tank,small-scale hot water tanks (steel),construction time,years,control,2015,0.0
459,small scale hot water tank,small-scale hot water tanks (steel),construction time,years,control,2020,0.0
460,small scale hot water tank,small-scale hot water tanks (steel),construction time,years,control,2030,0.0
461,small scale hot water tank,small-scale hot water tanks (steel),construction time,years,control,2040,0.0
462,small scale hot water tank,small-scale hot water tanks (steel),construction time,years,control,2050,0.0
463,small scale hot water tank,small-scale hot water tanks (steel),energy losses during storage,percent/hour,lower,2020,2.5
464,small scale hot water tank,small-scale hot water tanks (steel),energy losses during storage,percent/hour,lower,2050,2.5
465,small scale hot water tank,small-scale hot water tanks (steel),energy losses during storage,percent/hour,upper,2020,1.0
466,small scale hot water tank,small-scale hot water tanks (steel),energy losses during storage,percent/hour,upper,2050,1.0
467,small scale hot water tank,small-scale hot water tanks (steel),energy losses during storage,percent/hour,control,2015,2.1
468,small scale hot water tank,small-scale hot water tanks (steel),energy losses during storage,percent/hour,control,2020,2.1
469,small scale hot water tank,small-scale hot water tanks (steel),energy losses during storage,percent/hour,control,2030,2.1
470,small scale hot water tank,small-scale hot water tanks (steel),energy losses during storage,percent/hour,control,2040,2.1
471,small scale hot water tank,small-scale hot water tanks (steel),energy losses during storage,percent/hour,control,2050,2.1
472,small scale hot water tank,small-scale hot water tanks (steel),energy storage capacity for one unit,kWh,lower,2020,2.0
473,small scale hot water tank,small-scale hot water tanks (steel),energy storage capacity for one unit,kWh,lower,2050,2.0
474,small scale hot water tank,small-scale hot water tanks (steel),energy storage capacity for one unit,kWh,upper,2020,19.0
475,small scale hot water tank,small-scale hot water tanks (steel),energy storage capacity for one unit,kWh,upper,2050,19.0
476,small scale hot water tank,small-scale hot water tanks (steel),energy storage capacity for one unit,kWh,control,2015,3.0
477,small scale hot water tank,small-scale hot water tanks (steel),energy storage capacity for one unit,kWh,control,2020,3.0
478,small scale hot water tank,small-scale hot water tanks (steel),energy storage capacity for one unit,kWh,control,2030,3.0
479,small scale hot water tank,small-scale hot water tanks (steel),energy storage capacity for one unit,kWh,control,2040,3.0
480,small scale hot water tank,small-scale hot water tanks (steel),energy storage capacity for one unit,kWh,control,2050,3.0
481,small scale hot water tank,small-scale hot water tanks (steel),forced outage,percent,lower,2020,0.0
482,small scale hot water tank,small-scale hot water tanks (steel),forced outage,percent,lower,2050,0.0
483,small scale hot water tank,small-scale hot water tanks (steel),forced outage,percent,upper,2020,3.0
484,small scale hot water tank,small-scale hot water tanks (steel),forced outage,percent,upper,2050,3.0
485,small scale hot water tank,small-scale hot water tanks (steel),forced outage,percent,control,2015,0.0
486,small scale hot water tank,small-scale hot water tanks (steel),forced outage,percent,control,2020,0.0
487,small scale hot water tank,small-scale hot water tanks (steel),forced outage,percent,control,2030,0.0
488,small scale hot water tank,small-scale hot water tanks (steel),forced outage,percent,control,2040,0.0
489,small scale hot water tank,small-scale hot water tanks (steel),forced outage,percent,control,2050,0.0
499,small scale hot water tank,small-scale hot water tanks (steel),input capacity for one unit,kW,lower,2020,10.0
500,small scale hot water tank,small-scale hot water tanks (steel),input capacity for one unit,kW,lower,2050,10.0
501,small scale hot water tank,small-scale hot water tanks (steel),input capacity for one unit,kW,upper,2020,40.0
502,small scale hot water tank,small-scale hot water tanks (steel),input capacity for one unit,kW,upper,2050,40.0
503,small scale hot water tank,small-scale hot water tanks (steel),input capacity for one unit,kW,control,2015,20.0
504,small scale hot water tank,small-scale hot water tanks (steel),input capacity for one unit,kW,control,2020,20.0
505,small scale hot water tank,small-scale hot water tanks (steel),input capacity for one unit,kW,control,2030,20.0
506,small scale hot water tank,small-scale hot water tanks (steel),input capacity for one unit,kW,control,2040,20.0
507,small scale hot water tank,small-scale hot water tanks (steel),input capacity for one unit,kW,control,2050,20.0
508,small scale hot water tank,small-scale hot water tanks (steel),output capacity for one unit,kW,lower,2020,10.0
509,small scale hot water tank,small-scale hot water tanks (steel),output capacity for one unit,kW,lower,2050,10.0
510,small scale hot water tank,small-scale hot water tanks (steel),output capacity for one unit,kW,upper,2020,40.0
511,small scale hot water tank,small-scale hot water tanks (steel),output capacity for one unit,kW,upper,2050,40.0
512,small scale hot water tank,small-scale hot water tanks (steel),output capacity for one unit,kW,control,2015,20.0
513,small scale hot water tank,small-scale hot water tanks (steel),output capacity for one unit,kW,control,2020,20.0
514,small scale hot water tank,small-scale hot water tanks (steel),output capacity for one unit,kW,control,2030,20.0
515,small scale hot water tank,small-scale hot water tanks (steel),output capacity for one unit,kW,control,2040,20.0
516,small scale hot water tank,small-scale hot water tanks (steel),output capacity for one unit,kW,control,2050,20.0
517,small scale hot water tank,small-scale hot water tanks (steel),planned outage,weeks/year,lower,2020,0.0
518,small scale hot water tank,small-scale hot water tanks (steel),planned outage,weeks/year,lower,2050,0.0
519,small scale hot water tank,small-scale hot water tanks (steel),planned outage,weeks/year,upper,2020,4.0
520,small scale hot water tank,small-scale hot water tanks (steel),planned outage,weeks/year,upper,2050,4.0
521,small scale hot water tank,small-scale hot water tanks (steel),planned outage,weeks/year,control,2015,1.0
522,small scale hot water tank,small-scale hot water tanks (steel),planned outage,weeks/year,control,2020,1.0
523,small scale hot water tank,small-scale hot water tanks (steel),planned outage,weeks/year,control,2030,1.0
524,small scale hot water tank,small-scale hot water tanks (steel),planned outage,weeks/year,control,2040,1.0
525,small scale hot water tank,small-scale hot water tanks (steel),planned outage,weeks/year,control,2050,1.0
526,small scale hot water tank,small-scale hot water tanks (steel),technical lifetime,years,lower,2020,15.0
527,small scale hot water tank,small-scale hot water tanks (steel),technical lifetime,years,lower,2050,15.0
528,small scale hot water tank,small-scale hot water tanks (steel),technical lifetime,years,upper,2020,50.0
529,small scale hot water tank,small-scale hot water tanks (steel),technical lifetime,years,upper,2050,50.0
530,small scale hot water tank,small-scale hot water tanks (steel),technical lifetime,years,control,2015,30.0
531,small scale hot water tank,small-scale hot water tanks (steel),technical lifetime,years,control,2020,30.0
532,small scale hot water tank,small-scale hot water tanks (steel),technical lifetime,years,control,2030,30.0
533,small scale hot water tank,small-scale hot water tanks (steel),technical lifetime,years,control,2040,30.0
534,small scale hot water tank,small-scale hot water tanks (steel),technical lifetime,years,control,2050,30.0
535,small scale hot water tank,small-scale hot water tanks (steel),hereof equipment,percent,lower,2020,38.52
536,small scale hot water tank,small-scale hot water tanks (steel),hereof equipment,percent,lower,2050,38.52
537,small scale hot water tank,small-scale hot water tanks (steel),hereof equipment,percent,upper,2020,33.705
538,small scale hot water tank,small-scale hot water tanks (steel),hereof equipment,percent,upper,2050,33.705
539,small scale hot water tank,small-scale hot water tanks (steel),hereof equipment,percent,control,2015,48.15
540,small scale hot water tank,small-scale hot water tanks (steel),hereof equipment,percent,control,2020,48.15
541,small scale hot water tank,small-scale hot water tanks (steel),hereof equipment,percent,control,2030,48.15
542,small scale hot water tank,small-scale hot water tanks (steel),hereof equipment,percent,control,2040,48.15
543,small scale hot water tank,small-scale hot water tanks (steel),hereof equipment,percent,control,2050,48.15
544,small scale hot water tank,small-scale hot water tanks (steel),hereof installation,percent,lower,2020,59.205
545,small scale hot water tank,small-scale hot water tanks (steel),hereof installation,percent,lower,2050,59.205
546,small scale hot water tank,small-scale hot water tanks (steel),hereof installation,percent,upper,2020,63.842
547,small scale hot water tank,small-scale hot water tanks (steel),hereof installation,percent,upper,2050,63.842
548,small scale hot water tank,small-scale hot water tanks (steel),hereof installation,percent,control,2015,49.932
549,small scale hot water tank,small-scale hot water tanks (steel),hereof installation,percent,control,2020,49.932
550,small scale hot water tank,small-scale hot water tanks (steel),hereof installation,percent,control,2030,49.932
551,small scale hot water tank,small-scale hot water tanks (steel),hereof installation,percent,control,2040,49.932
552,small scale hot water tank,small-scale hot water tanks (steel),hereof installation,percent,control,2050,49.932
553,small scale hot water tank,small-scale hot water tanks (steel),of which is electricity costs,EUR_2020/MWh,lower,2020,0.0
554,small scale hot water tank,small-scale hot water tanks (steel),of which is electricity costs,EUR_2020/MWh,lower,2050,0.0
555,small scale hot water tank,small-scale hot water tanks (steel),of which is electricity costs,EUR_2020/MWh,upper,2020,0.717
556,small scale hot water tank,small-scale hot water tanks (steel),of which is electricity costs,EUR_2020/MWh,upper,2050,1.229
557,small scale hot water tank,small-scale hot water tanks (steel),of which is electricity costs,EUR_2020/MWh,control,2015,0.614
558,small scale hot water tank,small-scale hot water tanks (steel),of which is electricity costs,EUR_2020/MWh,control,2020,0.717
559,small scale hot water tank,small-scale hot water tanks (steel),of which is electricity costs,EUR_2020/MWh,control,2030,1.024
560,small scale hot water tank,small-scale hot water tanks (steel),of which is electricity costs,EUR_2020/MWh,control,2040,1.229
561,small scale hot water tank,small-scale hot water tanks (steel),of which is electricity costs,EUR_2020/MWh,control,2050,1.229
562,small scale hot water tank,small-scale hot water tanks (steel),of which is other o&m costs,EUR_2020/MWh,lower,2020,0.0
563,small scale hot water tank,small-scale hot water tanks (steel),of which is other o&m costs,EUR_2020/MWh,lower,2050,0.0
564,small scale hot water tank,small-scale hot water tanks (steel),of which is other o&m costs,EUR_2020/MWh,upper,2020,0.0
565,small scale hot water tank,small-scale hot water tanks (steel),of which is other o&m costs,EUR_2020/MWh,upper,2050,0.0
566,small scale hot water tank,small-scale hot water tanks (steel),of which is other o&m costs,EUR_2020/MWh,control,2015,0.0
567,small scale hot water tank,small-scale hot water tanks (steel),of which is other o&m costs,EUR_2020/MWh,control,2020,0.0
568,small scale hot water tank,small-scale hot water tanks (steel),of which is other o&m costs,EUR_2020/MWh,control,2030,0.0
569,small scale hot water tank,small-scale hot water tanks (steel),of which is other o&m costs,EUR_2020/MWh,control,2040,0.0
570,small scale hot water tank,small-scale hot water tanks (steel),of which is other o&m costs,EUR_2020/MWh,control,2050,0.0
571,small scale hot water tank,small-scale hot water tanks (steel),fixed o&m,EUR_2020/year,lower,2020,25.601
572,small scale hot water tank,small-scale hot water tanks (steel),fixed o&m,EUR_2020/year,lower,2050,25.601
573,small scale hot water tank,small-scale hot water tanks (steel),fixed o&m,EUR_2020/year,upper,2020,81.924
574,small scale hot water tank,small-scale hot water tanks (steel),fixed o&m,EUR_2020/year,upper,2050,81.924
575,small scale hot water tank,small-scale hot water tanks (steel),fixed o&m,EUR_2020/year,control,2015,51.203
576,small scale hot water tank,small-scale hot water tanks (steel),fixed o&m,EUR_2020/year,control,2020,51.203
577,small scale hot water tank,small-scale hot water tanks (steel),fixed o&m,EUR_2020/year,control,2030,51.203
578,small scale hot water tank,small-scale hot water tanks (steel),fixed o&m,EUR_2020/year,control,2040,51.203
579,small scale hot water tank,small-scale hot water tanks (steel),fixed o&m,EUR_2020/year,control,2050,51.203
580,small scale hot water tank,small-scale hot water tanks (steel),specific investment,EUR_2020/kWh,lower,2020,522.268
581,small scale hot water tank,small-scale hot water tanks (steel),specific investment,EUR_2020/kWh,lower,2050,522.268
582,small scale hot water tank,small-scale hot water tanks (steel),specific investment,EUR_2020/kWh,upper,2020,133.127
583,small scale hot water tank,small-scale hot water tanks (steel),specific investment,EUR_2020/kWh,upper,2050,133.127
584,small scale hot water tank,small-scale hot water tanks (steel),specific investment,EUR_2020/kWh,control,2015,419.862
585,small scale hot water tank,small-scale hot water tanks (steel),specific investment,EUR_2020/kWh,control,2020,419.862
586,small scale hot water tank,small-scale hot water tanks (steel),specific investment,EUR_2020/kWh,control,2030,419.862
587,small scale hot water tank,small-scale hot water tanks (steel),specific investment,EUR_2020/kWh,control,2040,419.862
588,small scale hot water tank,small-scale hot water tanks (steel),specific investment,EUR_2020/kWh,control,2050,419.862
589,small scale hot water tank,small-scale hot water tanks (steel),variable o&m,EUR_2020/MWh,lower,2020,0.0
590,small scale hot water tank,small-scale hot water tanks (steel),variable o&m,EUR_2020/MWh,lower,2050,0.0
591,small scale hot water tank,small-scale hot water tanks (steel),variable o&m,EUR_2020/MWh,upper,2020,0.717
592,small scale hot water tank,small-scale hot water tanks (steel),variable o&m,EUR_2020/MWh,upper,2050,1.229
593,small scale hot water tank,small-scale hot water tanks (steel),variable o&m,EUR_2020/MWh,control,2015,0.614
594,small scale hot water tank,small-scale hot water tanks (steel),variable o&m,EUR_2020/MWh,control,2020,0.717
595,small scale hot water tank,small-scale hot water tanks (steel),variable o&m,EUR_2020/MWh,control,2030,1.024
596,small scale hot water tank,small-scale hot water tanks (steel),variable o&m,EUR_2020/MWh,control,2040,1.229
597,small scale hot water tank,small-scale hot water tanks (steel),variable o&m,EUR_2020/MWh,control,2050,1.229
598,small scale hot water tank,small-scale hot water tanks (steel),efficiency at typical cycle period,percent,lower,2020,97.0
599,small scale hot water tank,small-scale hot water tanks (steel),efficiency at typical cycle period,percent,lower,2050,97.0
600,small scale hot water tank,small-scale hot water tanks (steel),efficiency at typical cycle period,percent,upper,2020,90.0
601,small scale hot water tank,small-scale hot water tanks (steel),efficiency at typical cycle period,percent,upper,2050,90.0
602,small scale hot water tank,small-scale hot water tanks (steel),efficiency at typical cycle period,percent,control,2015,92.0
603,small scale hot water tank,small-scale hot water tanks (steel),efficiency at typical cycle period,percent,control,2020,92.0
604,small scale hot water tank,small-scale hot water tanks (steel),efficiency at typical cycle period,percent,control,2030,92.0
605,small scale hot water tank,small-scale hot water tanks (steel),efficiency at typical cycle period,percent,control,2040,92.0
606,small scale hot water tank,small-scale hot water tanks (steel),efficiency at typical cycle period,percent,control,2050,92.0
607,small scale hot water tank,small-scale hot water tanks (steel),tank volume of example,l,lower,2020,50.0
608,small scale hot water tank,small-scale hot water tanks (steel),tank volume of example,l,lower,2050,50.0
609,small scale hot water tank,small-scale hot water tanks (steel),tank volume of example,l,upper,2020,300.0
610,small scale hot water tank,small-scale hot water tanks (steel),tank volume of example,l,upper,2050,300.0
611,small scale hot water tank,small-scale hot water tanks (steel),tank volume of example,l,control,2015,90.0
612,small scale hot water tank,small-scale hot water tanks (steel),tank volume of example,l,control,2020,90.0
613,small scale hot water tank,small-scale hot water tanks (steel),tank volume of example,l,control,2030,90.0
614,small scale hot water tank,small-scale hot water tanks (steel),tank volume of example,l,control,2040,90.0
615,small scale hot water tank,small-scale hot water tanks (steel),tank volume of example,l,control,2050,90.0
616,small scale hot water tank,small-scale hot water tanks (steel),typical temperature difference in storage,K,lower,2020,30.0
617,small scale hot water tank,small-scale hot water tanks (steel),typical temperature difference in storage,K,lower,2050,30.0
618,small scale hot water tank,small-scale hot water tanks (steel),typical temperature difference in storage,K,upper,2020,60.0
619,small scale hot water tank,small-scale hot water tanks (steel),typical temperature difference in storage,K,upper,2050,60.0
620,small scale hot water tank,small-scale hot water tanks (steel),typical temperature difference in storage,K,control,2015,30.0
621,small scale hot water tank,small-scale hot water tanks (steel),typical temperature difference in storage,K,control,2020,30.0
622,small scale hot water tank,small-scale hot water tanks (steel),typical temperature difference in storage,K,control,2030,30.0
623,small scale hot water tank,small-scale hot water tanks (steel),typical temperature difference in storage,K,control,2040,30.0
624,small scale hot water tank,small-scale hot water tanks (steel),typical temperature difference in storage,K,control,2050,30.0
625,rock-based carnot battery,carnot battery,charge efficiency,percent,lower,2025,98.0
626,rock-based carnot battery,carnot battery,charge efficiency,percent,lower,2050,98.0
627,rock-based carnot battery,carnot battery,charge efficiency,percent,upper,2025,99.0
628,rock-based carnot battery,carnot battery,charge efficiency,percent,upper,2050,99.0
629,rock-based carnot battery,carnot battery,charge efficiency,percent,control,2025,99.0
630,rock-based carnot battery,carnot battery,charge efficiency,percent,control,2030,99.0
631,rock-based carnot battery,carnot battery,charge efficiency,percent,control,2035,99.0
632,rock-based carnot battery,carnot battery,charge efficiency,percent,control,2040,99.0
633,rock-based carnot battery,carnot battery,charge efficiency,percent,control,2050,99.0
634,rock-based carnot battery,carnot battery,discharge efficiency,percent,lower,2025,93.0
635,rock-based carnot battery,carnot battery,discharge efficiency,percent,lower,2050,93.0
636,rock-based carnot battery,carnot battery,discharge efficiency,percent,upper,2025,97.0
637,rock-based carnot battery,carnot battery,discharge efficiency,percent,upper,2050,97.0
638,rock-based carnot battery,carnot battery,discharge efficiency,percent,control,2025,96.0
639,rock-based carnot battery,carnot battery,discharge efficiency,percent,control,2030,96.0
640,rock-based carnot battery,carnot battery,discharge efficiency,percent,control,2035,96.0
641,rock-based carnot battery,carnot battery,discharge efficiency,percent,control,2040,96.0
642,rock-based carnot battery,carnot battery,discharge efficiency,percent,control,2050,96.0
652,rock-based carnot battery,carnot battery,auxiliary electricity consumption,percent,lower,2025,4.05
653,rock-based carnot battery,carnot battery,auxiliary electricity consumption,percent,lower,2050,3.125
654,rock-based carnot battery,carnot battery,auxiliary electricity consumption,percent,upper,2025,4.95
655,rock-based carnot battery,carnot battery,auxiliary electricity consumption,percent,upper,2050,3.82
656,rock-based carnot battery,carnot battery,auxiliary electricity consumption,percent,control,2025,4.5
657,rock-based carnot battery,carnot battery,auxiliary electricity consumption,percent,control,2030,4.275
658,rock-based carnot battery,carnot battery,auxiliary electricity consumption,percent,control,2035,4.061
659,rock-based carnot battery,carnot battery,auxiliary electricity consumption,percent,control,2040,3.858
660,rock-based carnot battery,carnot battery,auxiliary electricity consumption,percent,control,2050,3.472
661,rock-based carnot battery,carnot battery,construction time,years,lower,2025,1.0
662,rock-based carnot battery,carnot battery,construction time,years,lower,2050,1.0
663,rock-based carnot battery,carnot battery,construction time,years,upper,2025,2.0
664,rock-based carnot battery,carnot battery,construction time,years,upper,2050,2.0
665,rock-based carnot battery,carnot battery,construction time,years,control,2025,1.5
666,rock-based carnot battery,carnot battery,construction time,years,control,2030,1.5
667,rock-based carnot battery,carnot battery,construction time,years,control,2035,1.5
668,rock-based carnot battery,carnot battery,construction time,years,control,2040,1.5
669,rock-based carnot battery,carnot battery,construction time,years,control,2050,1.5
670,rock-based carnot battery,carnot battery,energy losses during storage,percent/day,lower,2025,0.09
671,rock-based carnot battery,carnot battery,energy losses during storage,percent/day,lower,2050,0.09
672,rock-based carnot battery,carnot battery,energy losses during storage,percent/day,upper,2025,0.11
673,rock-based carnot battery,carnot battery,energy losses during storage,percent/day,upper,2050,0.11
674,rock-based carnot battery,carnot battery,energy losses during storage,percent/day,control,2025,0.143
675,rock-based carnot battery,carnot battery,energy losses during storage,percent/day,control,2030,0.143
676,rock-based carnot battery,carnot battery,energy losses during storage,percent/day,control,2035,0.143
677,rock-based carnot battery,carnot battery,energy losses during storage,percent/day,control,2040,0.143
678,rock-based carnot battery,carnot battery,energy losses during storage,percent/day,control,2050,0.143
679,rock-based carnot battery,carnot battery,energy storage capacity for one unit,MWh,lower,2025,100.0
680,rock-based carnot battery,carnot battery,energy storage capacity for one unit,MWh,lower,2050,100.0
681,rock-based carnot battery,carnot battery,energy storage capacity for one unit,MWh,upper,2025,500.0
682,rock-based carnot battery,carnot battery,energy storage capacity for one unit,MWh,upper,2050,500.0
683,rock-based carnot battery,carnot battery,energy storage capacity for one unit,MWh,control,2025,300.0
684,rock-based carnot battery,carnot battery,energy storage capacity for one unit,MWh,control,2030,300.0
685,rock-based carnot battery,carnot battery,energy storage capacity for one unit,MWh,control,2035,300.0
686,rock-based carnot battery,carnot battery,energy storage capacity for one unit,MWh,control,2040,300.0
687,rock-based carnot battery,carnot battery,energy storage capacity for one unit,MWh,control,2050,300.0
697,rock-based carnot battery,carnot battery,input capacity for one unit,MW,lower,2025,5.0
698,rock-based carnot battery,carnot battery,input capacity for one unit,MW,lower,2050,5.0
699,rock-based carnot battery,carnot battery,input capacity for one unit,MW,upper,2025,50.0
700,rock-based carnot battery,carnot battery,input capacity for one unit,MW,upper,2050,50.0
701,rock-based carnot battery,carnot battery,input capacity for one unit,MW,control,2025,15.0
702,rock-based carnot battery,carnot battery,input capacity for one unit,MW,control,2030,15.0
703,rock-based carnot battery,carnot battery,input capacity for one unit,MW,control,2035,15.0
704,rock-based carnot battery,carnot battery,input capacity for one unit,MW,control,2040,15.0
705,rock-based carnot battery,carnot battery,input capacity for one unit,MW,control,2050,15.0
706,rock-based carnot battery,carnot battery,output capacity for one unit,MW,lower,2025,5.0
707,rock-based carnot battery,carnot battery,output capacity for one unit,MW,lower,2050,5.0
708,rock-based carnot battery,carnot battery,output capacity for one unit,MW,upper,2025,50.0
709,rock-based carnot battery,carnot battery,output capacity for one unit,MW,upper,2050,50.0
710,rock-based carnot battery,carnot battery,output capacity for one unit,MW,control,2025,10.0
711,rock-based carnot battery,carnot battery,output capacity for one unit,MW,control,2030,10.0
712,rock-based carnot battery,carnot battery,output capacity for one unit,MW,control,2035,10.0
713,rock-based carnot battery,carnot battery,output capacity for one unit,MW,control,2040,10.0
714,rock-based carnot battery,carnot battery,output capacity for one unit,MW,control,2050,10.0
715,rock-based carnot battery,carnot battery,round trip efficiency ptp,percent,lower,2025,5.0
716,rock-based carnot battery,carnot battery,round trip efficiency ptp,percent,lower,2050,5.0
717,rock-based carnot battery,carnot battery,round trip efficiency ptp,percent,upper,2025,15.0
718,rock-based carnot battery,carnot battery,round trip efficiency ptp,percent,upper,2050,15.0
719,rock-based carnot battery,carnot battery,round trip efficiency ptp,percent,control,2025,10.0
720,rock-based carnot battery,carnot battery,round trip efficiency ptp,percent,control,2030,10.0
721,rock-based carnot battery,carnot battery,round trip efficiency ptp,percent,control,2035,10.0
722,rock-based carnot battery,carnot battery,round trip efficiency ptp,percent,control,2040,10.0
723,rock-based carnot battery,carnot battery,round trip efficiency ptp,percent,control,2050,10.0
724,rock-based carnot battery,carnot battery,system efficiency pth,percent,lower,2025,91.14
725,rock-based carnot battery,carnot battery,system efficiency pth,percent,lower,2050,91.14
726,rock-based carnot battery,carnot battery,system efficiency pth,percent,upper,2025,96.03
727,rock-based carnot battery,carnot battery,system efficiency pth,percent,upper,2050,96.03
728,rock-based carnot battery,carnot battery,system efficiency pth,percent,control,2025,95.04
729,rock-based carnot battery,carnot battery,system efficiency pth,percent,control,2030,95.04
730,rock-based carnot battery,carnot battery,system efficiency pth,percent,control,2035,95.04
731,rock-based carnot battery,carnot battery,system efficiency pth,percent,control,2040,95.04
732,rock-based carnot battery,carnot battery,system efficiency pth,percent,control,2050,95.04
733,rock-based carnot battery,carnot battery,technical lifetime,years,lower,2025,25.0
734,rock-based carnot battery,carnot battery,technical lifetime,years,lower,2050,25.0
735,rock-based carnot battery,carnot battery,technical lifetime,years,upper,2025,25.0
736,rock-based carnot battery,carnot battery,technical lifetime,years,upper,2050,25.0
737,rock-based carnot battery,carnot battery,technical lifetime,years,control,2025,25.0
738,rock-based carnot battery,carnot battery,technical lifetime,years,control,2030,25.0
739,rock-based carnot battery,carnot battery,technical lifetime,years,control,2035,25.0
740,rock-based carnot battery,carnot battery,technical lifetime,years,control,2040,25.0
741,rock-based carnot battery,carnot battery,technical lifetime,years,control,2050,25.0
742,rock-based carnot battery,carnot battery,hereof equipment,percent,lower,2025,80.0
743,rock-based carnot battery,carnot battery,hereof equipment,percent,lower,2050,80.0
744,rock-based carnot battery,carnot battery,hereof equipment,percent,upper,2025,80.0
745,rock-based carnot battery,carnot battery,hereof equipment,percent,upper,2050,80.0
746,rock-based carnot battery,carnot battery,hereof equipment,percent,control,2025,80.0
747,rock-based carnot battery,carnot battery,hereof equipment,percent,control,2030,80.0
748,rock-based carnot battery,carnot battery,hereof equipment,percent,control,2035,80.0
749,rock-based carnot battery,carnot battery,hereof equipment,percent,control,2040,80.0
750,rock-based carnot battery,carnot battery,hereof equipment,percent,control,2050,80.0
751,rock-based carnot battery,carnot battery,hereof installation,percent,lower,2025,20.0
752,rock-based carnot battery,carnot battery,hereof installation,percent,lower,2050,20.0
753,rock-based carnot battery,carnot battery,hereof installation,percent,upper,2025,20.0
754,rock-based carnot battery,carnot battery,hereof installation,percent,upper,2050,20.0
755,rock-based carnot battery,carnot battery,hereof installation,percent,control,2025,20.0
756,rock-based carnot battery,carnot battery,hereof installation,percent,control,2030,20.0
757,rock-based carnot battery,carnot battery,hereof installation,percent,control,2035,20.0
758,rock-based carnot battery,carnot battery,hereof installation,percent,control,2040,20.0
759,rock-based carnot battery,carnot battery,hereof installation,percent,control,2050,20.0
760,rock-based carnot battery,carnot battery,specific investment input capacity,EUR_2020/MW,lower,2025,52200.0
761,rock-based carnot battery,carnot battery,specific investment input capacity,EUR_2020/MW,lower,2050,40279.0
762,rock-based carnot battery,carnot battery,specific investment input capacity,EUR_2020/MW,upper,2025,167040.0
763,rock-based carnot battery,carnot battery,specific investment input capacity,EUR_2020/MW,upper,2050,128894.0
764,rock-based carnot battery,carnot battery,specific investment input capacity,EUR_2020/MW,control,2025,120444.0
765,rock-based carnot battery,carnot battery,specific investment input capacity,EUR_2020/MW,control,2030,114421.0
766,rock-based carnot battery,carnot battery,specific investment input capacity,EUR_2020/MW,control,2035,108700.0
767,rock-based carnot battery,carnot battery,specific investment input capacity,EUR_2020/MW,control,2040,103265.0
768,rock-based carnot battery,carnot battery,specific investment input capacity,EUR_2020/MW,control,2050,92939.0
769,rock-based carnot battery,carnot battery,specific investment output capacity,EUR_2020/MW,lower,2025,13050.0
770,rock-based carnot battery,carnot battery,specific investment output capacity,EUR_2020/MW,lower,2050,10070.0
771,rock-based carnot battery,carnot battery,specific investment output capacity,EUR_2020/MW,upper,2025,41760.0
772,rock-based carnot battery,carnot battery,specific investment output capacity,EUR_2020/MW,upper,2050,32224.0
773,rock-based carnot battery,carnot battery,specific investment output capacity,EUR_2020/MW,control,2025,30111.0
774,rock-based carnot battery,carnot battery,specific investment output capacity,EUR_2020/MW,control,2030,28605.0
775,rock-based carnot battery,carnot battery,specific investment output capacity,EUR_2020/MW,control,2035,27175.0
776,rock-based carnot battery,carnot battery,specific investment output capacity,EUR_2020/MW,control,2040,25816.0
777,rock-based carnot battery,carnot battery,specific investment output capacity,EUR_2020/MW,control,2050,23235.0
778,rock-based carnot battery,carnot battery,specific investment,EUR_2020/MWh,lower,2025,5655.0
779,rock-based carnot battery,carnot battery,specific investment,EUR_2020/MWh,lower,2050,4364.0
780,rock-based carnot battery,carnot battery,specific investment,EUR_2020/MWh,upper,2025,18096.0
781,rock-based carnot battery,carnot battery,specific investment,EUR_2020/MWh,upper,2050,13964.0
782,rock-based carnot battery,carnot battery,specific investment,EUR_2020/MWh,control,2025,13048.0
783,rock-based carnot battery,carnot battery,specific investment,EUR_2020/MWh,control,2030,12396.0
784,rock-based carnot battery,carnot battery,specific investment,EUR_2020/MWh,control,2035,11776.0
785,rock-based carnot battery,carnot battery,specific investment,EUR_2020/MWh,control,2040,11187.0
786,rock-based carnot battery,carnot battery,specific investment,EUR_2020/MWh,control,2050,10068.0
787,rock-based carnot battery,carnot battery,primary regulation,percent,lower,2025,0.5
788,rock-based carnot battery,carnot battery,primary regulation,percent,lower,2050,0.5
789,rock-based carnot battery,carnot battery,primary regulation,percent,upper,2025,0.5
790,rock-based carnot battery,carnot battery,primary regulation,percent,upper,2050,0.5
791,rock-based carnot battery,carnot battery,primary regulation,percent,control,2025,0.5
792,rock-based carnot battery,carnot battery,primary regulation,percent,control,2030,0.5
793,rock-based carnot battery,carnot battery,primary regulation,percent,control,2035,0.5
794,rock-based carnot battery,carnot battery,primary regulation,percent,control,2040,0.5
795,rock-based carnot battery,carnot battery,primary regulation,percent,control,2050,0.5
796,rock-based carnot battery,carnot battery,secondary regulation,percent/minute,lower,2025,1.0
797,rock-based carnot battery,carnot battery,secondary regulation,percent/minute,lower,2050,1.0
798,rock-based carnot battery,carnot battery,secondary regulation,percent/minute,upper,2025,1.0
799,rock-based carnot battery,carnot battery,secondary regulation,percent/minute,upper,2050,1.0
800,rock-based carnot battery,carnot battery,secondary regulation,percent/minute,control,2025,1.0
801,rock-based carnot battery,carnot battery,secondary regulation,percent/minute,control,2030,1.0
802,rock-based carnot battery,carnot battery,secondary regulation,percent/minute,control,2035,1.0
803,rock-based carnot battery,carnot battery,secondary regulation,percent/minute,control,2040,1.0
804,rock-based carnot battery,carnot battery,secondary regulation,percent/minute,control,2050,1.0
805,rock-based carnot battery,carnot battery,tank volume of example,meter**3,lower,2025,1000.0
806,rock-based carnot battery,carnot battery,tank volume of example,meter**3,lower,2050,1000.0
807,rock-based carnot battery,carnot battery,tank volume of example,meter**3,upper,2025,5000.0
808,rock-based carnot battery,carnot battery,tank volume of example,meter**3,upper,2050,5000.0
809,rock-based carnot battery,carnot battery,tank volume of example,meter**3,control,2025,3000.0
810,rock-based carnot battery,carnot battery,tank volume of example,meter**3,control,2030,3000.0
811,rock-based carnot battery,carnot battery,tank volume of example,meter**3,control,2035,3000.0
812,rock-based carnot battery,carnot battery,tank volume of example,meter**3,control,2040,3000.0
813,rock-based carnot battery,carnot battery,tank volume of example,meter**3,control,2050,3000.0
814,rock-based carnot battery,carnot battery,typical temperature difference in storage,K,lower,2025,225.0
815,rock-based carnot battery,carnot battery,typical temperature difference in storage,K,lower,2050,225.0
816,rock-based carnot battery,carnot battery,typical temperature difference in storage,K,upper,2025,225.0
817,rock-based carnot battery,carnot battery,typical temperature difference in storage,K,upper,2050,225.0
818,rock-based carnot battery,carnot battery,typical temperature difference in storage,K,control,2025,225.0
819,rock-based carnot battery,carnot battery,typical temperature difference in storage,K,control,2030,225.0
820,rock-based carnot battery,carnot battery,typical temperature difference in storage,K,control,2035,225.0
821,rock-based carnot battery,carnot battery,typical temperature difference in storage,K,control,2040,225.0
822,rock-based carnot battery,carnot battery,typical temperature difference in storage,K,control,2050,225.0
823,molten salt carnot battery,carnot battery,charge efficiency,percent,lower,2025,98.0
824,molten salt carnot battery,carnot battery,charge efficiency,percent,lower,2050,98.0
825,molten salt carnot battery,carnot battery,charge efficiency,percent,upper,2025,98.0
826,molten salt carnot battery,carnot battery,charge efficiency,percent,upper,2050,98.0
827,molten salt carnot battery,carnot battery,charge efficiency,percent,control,2025,98.0
828,molten salt carnot battery,carnot battery,charge efficiency,percent,control,2030,98.0
829,molten salt carnot battery,carnot battery,charge efficiency,percent,control,2035,98.0
830,molten salt carnot battery,carnot battery,charge efficiency,percent,control,2040,98.0
831,molten salt carnot battery,carnot battery,charge efficiency,percent,control,2050,98.0
832,molten salt carnot battery,carnot battery,discharge efficiency,percent,lower,2025,95.0
833,molten salt carnot battery,carnot battery,discharge efficiency,percent,lower,2050,95.0
834,molten salt carnot battery,carnot battery,discharge efficiency,percent,upper,2025,95.0
835,molten salt carnot battery,carnot battery,discharge efficiency,percent,upper,2050,95.0
836,molten salt carnot battery,carnot battery,discharge efficiency,percent,control,2025,95.0
837,molten salt carnot battery,carnot battery,discharge efficiency,percent,control,2030,95.0
838,molten salt carnot battery,carnot battery,discharge efficiency,percent,control,2035,95.0
839,molten salt carnot battery,carnot battery,discharge efficiency,percent,control,2040,95.0
840,molten salt carnot battery,carnot battery,discharge efficiency,percent,control,2050,95.0
850,molten salt carnot battery,carnot battery,auxiliary electricity consumption,percent,lower,2025,1.0
851,molten salt carnot battery,carnot battery,auxiliary electricity consumption,percent,lower,2050,1.0
852,molten salt carnot battery,carnot battery,auxiliary electricity consumption,percent,upper,2025,1.0
853,molten salt carnot battery,carnot battery,auxiliary electricity consumption,percent,upper,2050,1.0
854,molten salt carnot battery,carnot battery,auxiliary electricity consumption,percent,control,2025,1.0
855,molten salt carnot battery,carnot battery,auxiliary electricity consumption,percent,control,2030,1.0
856,molten salt carnot battery,carnot battery,auxiliary electricity consumption,percent,control,2035,1.0
857,molten salt carnot battery,carnot battery,auxiliary electricity consumption,percent,control,2040,1.0
858,molten salt carnot battery,carnot battery,auxiliary electricity consumption,percent,control,2050,1.0
859,molten salt carnot battery,carnot battery,construction time,years,lower,2025,0.5
860,molten salt carnot battery,carnot battery,construction time,years,lower,2050,0.5
861,molten salt carnot battery,carnot battery,construction time,years,upper,2025,1.5
862,molten salt carnot battery,carnot battery,construction time,years,upper,2050,1.5
863,molten salt carnot battery,carnot battery,construction time,years,control,2025,1.0
864,molten salt carnot battery,carnot battery,construction time,years,control,2030,1.0
865,molten salt carnot battery,carnot battery,construction time,years,control,2035,1.0
866,molten salt carnot battery,carnot battery,construction time,years,control,2040,1.0
867,molten salt carnot battery,carnot battery,construction time,years,control,2050,1.0
877,molten salt carnot battery,carnot battery,energy storage capacity for one unit,MWh,lower,2025,100.0
878,molten salt carnot battery,carnot battery,energy storage capacity for one unit,MWh,lower,2050,100.0
879,molten salt carnot battery,carnot battery,energy storage capacity for one unit,MWh,upper,2025,200.0
880,molten salt carnot battery,carnot battery,energy storage capacity for one unit,MWh,upper,2050,1000.0
881,molten salt carnot battery,carnot battery,energy storage capacity for one unit,MWh,control,2025,200.0
882,molten salt carnot battery,carnot battery,energy storage capacity for one unit,MWh,control,2030,800.0
883,molten salt carnot battery,carnot battery,energy storage capacity for one unit,MWh,control,2035,800.0
884,molten salt carnot battery,carnot battery,energy storage capacity for one unit,MWh,control,2040,800.0
885,molten salt carnot battery,carnot battery,energy storage capacity for one unit,MWh,control,2050,800.0
886,molten salt carnot battery,carnot battery,forced outage,percent,lower,2025,3.0
887,molten salt carnot battery,carnot battery,forced outage,percent,lower,2050,1.0
888,molten salt carnot battery,carnot battery,forced outage,percent,upper,2025,15.0
889,molten salt carnot battery,carnot battery,forced outage,percent,upper,2050,5.0
890,molten salt carnot battery,carnot battery,forced outage,percent,control,2025,5.0
891,molten salt carnot battery,carnot battery,forced outage,percent,control,2030,4.0
892,molten salt carnot battery,carnot battery,forced outage,percent,control,2035,3.0
893,molten salt carnot battery,carnot battery,forced outage,percent,control,2040,2.0
894,molten salt carnot battery,carnot battery,forced outage,percent,control,2050,2.0
904,molten salt carnot battery,carnot battery,input capacity for one unit,MW,lower,2025,10.0
905,molten salt carnot battery,carnot battery,input capacity for one unit,MW,lower,2050,10.0
906,molten salt carnot battery,carnot battery,input capacity for one unit,MW,upper,2025,120.0
907,molten salt carnot battery,carnot battery,input capacity for one unit,MW,upper,2050,120.0
908,molten salt carnot battery,carnot battery,input capacity for one unit,MW,control,2025,30.0
909,molten salt carnot battery,carnot battery,input capacity for one unit,MW,control,2030,120.0
910,molten salt carnot battery,carnot battery,input capacity for one unit,MW,control,2035,120.0
911,molten salt carnot battery,carnot battery,input capacity for one unit,MW,control,2040,120.0
912,molten salt carnot battery,carnot battery,input capacity for one unit,MW,control,2050,120.0
913,molten salt carnot battery,carnot battery,output capacity for one unit,MW,lower,2025,10.0
914,molten salt carnot battery,carnot battery,output capacity for one unit,MW,lower,2050,10.0
915,molten salt carnot battery,carnot battery,output capacity for one unit,MW,upper,2025,100.0
916,molten salt carnot battery,carnot battery,output capacity for one unit,MW,upper,2050,100.0
917,molten salt carnot battery,carnot battery,output capacity for one unit,MW,control,2025,12.0
918,molten salt carnot battery,carnot battery,output capacity for one unit,MW,control,2030,50.0
919,molten salt carnot battery,carnot battery,output capacity for one unit,MW,control,2035,50.0
920,molten salt carnot battery,carnot battery,output capacity for one unit,MW,control,2040,50.0
921,molten salt carnot battery,carnot battery,output capacity for one unit,MW,control,2050,50.0
922,molten salt carnot battery,carnot battery,planned outage,weeks/year,lower,2025,3.0
923,molten salt carnot battery,carnot battery,planned outage,weeks/year,lower,2050,3.0
924,molten salt carnot battery,carnot battery,planned outage,weeks/year,upper,2025,3.0
925,molten salt carnot battery,carnot battery,planned outage,weeks/year,upper,2050,3.0
926,molten salt carnot battery,carnot battery,planned outage,weeks/year,control,2025,3.0
927,molten salt carnot battery,carnot battery,planned outage,weeks/year,control,2030,3.0
928,molten salt carnot battery,carnot battery,planned outage,weeks/year,control,2035,3.0
929,molten salt carnot battery,carnot battery,planned outage,weeks/year,control,2040,3.0
930,molten salt carnot battery,carnot battery,planned outage,weeks/year,control,2050,3.0
931,molten salt carnot battery,carnot battery,round trip efficiency ptp,percent,lower,2025,10.0
932,molten salt carnot battery,carnot battery,round trip efficiency ptp,percent,lower,2050,10.0
933,molten salt carnot battery,carnot battery,round trip efficiency ptp,percent,upper,2025,40.0
934,molten salt carnot battery,carnot battery,round trip efficiency ptp,percent,upper,2050,40.0
935,molten salt carnot battery,carnot battery,round trip efficiency ptp,percent,control,2025,30.0
936,molten salt carnot battery,carnot battery,round trip efficiency ptp,percent,control,2030,30.0
937,molten salt carnot battery,carnot battery,round trip efficiency ptp,percent,control,2035,30.0
938,molten salt carnot battery,carnot battery,round trip efficiency ptp,percent,control,2040,30.0
939,molten salt carnot battery,carnot battery,round trip efficiency ptp,percent,control,2050,30.0
940,molten salt carnot battery,carnot battery,system efficiency pth,percent,lower,2025,92.0
941,molten salt carnot battery,carnot battery,system efficiency pth,percent,lower,2050,92.0
942,molten salt carnot battery,carnot battery,system efficiency pth,percent,upper,2025,92.0
943,molten salt carnot battery,carnot battery,system efficiency pth,percent,upper,2050,92.0
944,molten salt carnot battery,carnot battery,system efficiency pth,percent,control,2025,92.0
945,molten salt carnot battery,carnot battery,system efficiency pth,percent,control,2030,92.0
946,molten salt carnot battery,carnot battery,system efficiency pth,percent,control,2035,92.0
947,molten salt carnot battery,carnot battery,system efficiency pth,percent,control,2040,92.0
948,molten salt carnot battery,carnot battery,system efficiency pth,percent,control,2050,92.0
949,molten salt carnot battery,carnot battery,technical lifetime,years,lower,2025,25.0
950,molten salt carnot battery,carnot battery,technical lifetime,years,lower,2050,25.0
951,molten salt carnot battery,carnot battery,technical lifetime,years,upper,2025,25.0
952,molten salt carnot battery,carnot battery,technical lifetime,years,upper,2050,25.0
953,molten salt carnot battery,carnot battery,technical lifetime,years,control,2025,25.0
954,molten salt carnot battery,carnot battery,technical lifetime,years,control,2030,25.0
955,molten salt carnot battery,carnot battery,technical lifetime,years,control,2035,25.0
956,molten salt carnot battery,carnot battery,technical lifetime,years,control,2040,25.0
957,molten salt carnot battery,carnot battery,technical lifetime,years,control,2050,25.0
958,molten salt carnot battery,carnot battery,hereof equipment,percent,lower,2025,40.0
959,molten salt carnot battery,carnot battery,hereof equipment,percent,lower,2050,40.0
960,molten salt carnot battery,carnot battery,hereof equipment,percent,upper,2025,40.0
961,molten salt carnot battery,carnot battery,hereof equipment,percent,upper,2050,40.0
962,molten salt carnot battery,carnot battery,hereof equipment,percent,control,2025,40.0
963,molten salt carnot battery,carnot battery,hereof equipment,percent,control,2030,40.0
964,molten salt carnot battery,carnot battery,hereof equipment,percent,control,2035,40.0
965,molten salt carnot battery,carnot battery,hereof equipment,percent,control,2040,40.0
966,molten salt carnot battery,carnot battery,hereof equipment,percent,control,2050,40.0
967,molten salt carnot battery,carnot battery,hereof installation,percent,lower,2025,60.0
968,molten salt carnot battery,carnot battery,hereof installation,percent,lower,2050,60.0
969,molten salt carnot battery,carnot battery,hereof installation,percent,upper,2025,60.0
970,molten salt carnot battery,carnot battery,hereof installation,percent,upper,2050,60.0
971,molten salt carnot battery,carnot battery,hereof installation,percent,control,2025,60.0
972,molten salt carnot battery,carnot battery,hereof installation,percent,control,2030,60.0
973,molten salt carnot battery,carnot battery,hereof installation,percent,control,2035,60.0
974,molten salt carnot battery,carnot battery,hereof installation,percent,control,2040,60.0
975,molten salt carnot battery,carnot battery,hereof installation,percent,control,2050,60.0
976,molten salt carnot battery,carnot battery,fixed o&m,percent/year,lower,2025,1.0
977,molten salt carnot battery,carnot battery,fixed o&m,percent/year,lower,2050,0.5
978,molten salt carnot battery,carnot battery,fixed o&m,percent/year,upper,2025,3.0
979,molten salt carnot battery,carnot battery,fixed o&m,percent/year,upper,2050,2.0
980,molten salt carnot battery,carnot battery,fixed o&m,percent/year,control,2025,2.0
981,molten salt carnot battery,carnot battery,fixed o&m,percent/year,control,2030,1.5
982,molten salt carnot battery,carnot battery,fixed o&m,percent/year,control,2035,1.5
983,molten salt carnot battery,carnot battery,fixed o&m,percent/year,control,2040,1.0
984,molten salt carnot battery,carnot battery,fixed o&m,percent/year,control,2050,1.0
985,molten salt carnot battery,carnot battery,specific investment,EUR_2020/MWh,lower,2025,76125.0
986,molten salt carnot battery,carnot battery,specific investment,EUR_2020/MWh,lower,2050,31377.0
987,molten salt carnot battery,carnot battery,specific investment,EUR_2020/MWh,upper,2025,108750.0
988,molten salt carnot battery,carnot battery,specific investment,EUR_2020/MWh,upper,2050,51521.0
989,molten salt carnot battery,carnot battery,specific investment,EUR_2020/MWh,control,2025,92220.0
990,molten salt carnot battery,carnot battery,specific investment,EUR_2020/MWh,control,2030,62710.0
991,molten salt carnot battery,carnot battery,specific investment,EUR_2020/MWh,control,2035,55332.0
992,molten salt carnot battery,carnot battery,specific investment,EUR_2020/MWh,control,2040,48822.0
993,molten salt carnot battery,carnot battery,specific investment,EUR_2020/MWh,control,2050,38010.0
994,molten salt carnot battery,carnot battery,variable o&m,percent/year,lower,2025,1.0
995,molten salt carnot battery,carnot battery,variable o&m,percent/year,lower,2050,0.05
996,molten salt carnot battery,carnot battery,variable o&m,percent/year,upper,2025,3.0
997,molten salt carnot battery,carnot battery,variable o&m,percent/year,upper,2050,2.5
998,molten salt carnot battery,carnot battery,variable o&m,percent/year,control,2025,2.0
999,molten salt carnot battery,carnot battery,variable o&m,percent/year,control,2030,1.5
1000,molten salt carnot battery,carnot battery,variable o&m,percent/year,control,2035,1.5
1001,molten salt carnot battery,carnot battery,variable o&m,percent/year,control,2040,1.5
1002,molten salt carnot battery,carnot battery,variable o&m,percent/year,control,2050,1.5
1003,molten salt carnot battery,carnot battery,primary regulation,percent,lower,2025,30.0
1004,molten salt carnot battery,carnot battery,primary regulation,percent,lower,2050,30.0
1005,molten salt carnot battery,carnot battery,primary regulation,percent,upper,2025,30.0
1006,molten salt carnot battery,carnot battery,primary regulation,percent,upper,2050,30.0
1007,molten salt carnot battery,carnot battery,primary regulation,percent,control,2025,30.0
1008,molten salt carnot battery,carnot battery,primary regulation,percent,control,2030,30.0
1009,molten salt carnot battery,carnot battery,primary regulation,percent,control,2035,30.0
1010,molten salt carnot battery,carnot battery,primary regulation,percent,control,2040,30.0
1011,molten salt carnot battery,carnot battery,primary regulation,percent,control,2050,30.0
1012,molten salt carnot battery,carnot battery,secondary regulation,percent/minute,lower,2025,100.0
1013,molten salt carnot battery,carnot battery,secondary regulation,percent/minute,lower,2050,100.0
1014,molten salt carnot battery,carnot battery,secondary regulation,percent/minute,upper,2025,100.0
1015,molten salt carnot battery,carnot battery,secondary regulation,percent/minute,upper,2050,100.0
1016,molten salt carnot battery,carnot battery,secondary regulation,percent/minute,control,2025,100.0
1017,molten salt carnot battery,carnot battery,secondary regulation,percent/minute,control,2030,100.0
1018,molten salt carnot battery,carnot battery,secondary regulation,percent/minute,control,2035,100.0
1019,molten salt carnot battery,carnot battery,secondary regulation,percent/minute,control,2040,100.0
1020,molten salt carnot battery,carnot battery,secondary regulation,percent/minute,control,2050,100.0
1021,molten salt carnot battery,carnot battery,steam temperature,C,lower,2025,250.0
1022,molten salt carnot battery,carnot battery,steam temperature,C,lower,2050,250.0
1023,molten salt carnot battery,carnot battery,steam temperature,C,upper,2025,550.0
1024,molten salt carnot battery,carnot battery,steam temperature,C,upper,2050,550.0
1025,molten salt carnot battery,carnot battery,steam temperature,C,control,2025,250.0
1026,molten salt carnot battery,carnot battery,steam temperature,C,control,2030,250.0
1027,molten salt carnot battery,carnot battery,steam temperature,C,control,2035,250.0
1028,molten salt carnot battery,carnot battery,steam temperature,C,control,2040,250.0
1029,molten salt carnot battery,carnot battery,steam temperature,C,control,2050,250.0
1030,molten salt carnot battery,carnot battery,tank volume of example,meter**3,lower,2025,400.0
1031,molten salt carnot battery,carnot battery,tank volume of example,meter**3,lower,2050,400.0
1032,molten salt carnot battery,carnot battery,tank volume of example,meter**3,upper,2025,500.0
1033,molten salt carnot battery,carnot battery,tank volume of example,meter**3,upper,2050,4000.0
1034,molten salt carnot battery,carnot battery,tank volume of example,meter**3,control,2025,500.0
1035,molten salt carnot battery,carnot battery,tank volume of example,meter**3,control,2030,3000.0
1036,molten salt carnot battery,carnot battery,tank volume of example,meter**3,control,2035,3000.0
1037,molten salt carnot battery,carnot battery,tank volume of example,meter**3,control,2040,3000.0
1038,molten salt carnot battery,carnot battery,tank volume of example,meter**3,control,2050,3000.0
1039,molten salt carnot battery,carnot battery,typical temperature difference in storage,K,lower,2025,300.0
1040,molten salt carnot battery,carnot battery,typical temperature difference in storage,K,lower,2050,300.0
1041,molten salt carnot battery,carnot battery,typical temperature difference in storage,K,upper,2025,300.0
1042,molten salt carnot battery,carnot battery,typical temperature difference in storage,K,upper,2050,300.0
1043,molten salt carnot battery,carnot battery,typical temperature difference in storage,K,control,2025,300.0
1044,molten salt carnot battery,carnot battery,typical temperature difference in storage,K,control,2030,300.0
1045,molten salt carnot battery,carnot battery,typical temperature difference in storage,K,control,2035,300.0
1046,molten salt carnot battery,carnot battery,typical temperature difference in storage,K,control,2040,300.0
1047,molten salt carnot battery,carnot battery,typical temperature difference in storage,K,control,2050,300.0
1048,molten salt carnot battery,carnot battery,footprint of plant,meter**2,lower,2025,400.0
1049,molten salt carnot battery,carnot battery,footprint of plant,meter**2,lower,2050,400.0
1050,molten salt carnot battery,carnot battery,footprint of plant,meter**2,upper,2025,500.0
1051,molten salt carnot battery,carnot battery,footprint of plant,meter**2,upper,2050,1700.0
1052,molten salt carnot battery,carnot battery,footprint of plant,meter**2,control,2025,800.0
1053,molten salt carnot battery,carnot battery,footprint of plant,meter**2,control,2030,1500.0
1054,molten salt carnot battery,carnot battery,footprint of plant,meter**2,control,2035,1500.0
1055,molten salt carnot battery,carnot battery,footprint of plant,meter**2,control,2040,1500.0
1056,molten salt carnot battery,carnot battery,footprint of plant,meter**2,control,2050,1500.0
1057,molten salt carnot battery,carnot battery,hours of discharge,hours,lower,2025,3.0
1058,molten salt carnot battery,carnot battery,hours of discharge,hours,lower,2050,3.0
1059,molten salt carnot battery,carnot battery,hours of discharge,hours,upper,2025,24.0
1060,molten salt carnot battery,carnot battery,hours of discharge,hours,upper,2050,24.0
1061,molten salt carnot battery,carnot battery,hours of discharge,hours,control,2025,24.0
1062,molten salt carnot battery,carnot battery,hours of discharge,hours,control,2030,24.0
1063,molten salt carnot battery,carnot battery,hours of discharge,hours,control,2035,24.0
1064,molten salt carnot battery,carnot battery,hours of discharge,hours,control,2040,24.0
1065,molten salt carnot battery,carnot battery,hours of discharge,hours,control,2050,24.0
1070,underground storage of gas,natural gas storage underground,energy storage capacity for one unit,MWh,control,2020,1100.0
1071,underground storage of gas,natural gas storage underground,energy storage capacity for one unit,MWh,control,2030,1100.0
1072,underground storage of gas,natural gas storage underground,energy storage capacity for one unit,MWh,control,2040,1100.0
1073,underground storage of gas,natural gas storage underground,energy storage capacity for one unit,MWh,control,2050,1100.0
1078,underground storage of gas,natural gas storage underground,input capacity for one unit,MW,control,2020,2200.0
1079,underground storage of gas,natural gas storage underground,input capacity for one unit,MW,control,2030,2200.0
1080,underground storage of gas,natural gas storage underground,input capacity for one unit,MW,control,2040,2200.0
1081,underground storage of gas,natural gas storage underground,input capacity for one unit,MW,control,2050,2200.0
1082,underground storage of gas,natural gas storage underground,output capacity for one unit,MW,control,2020,6600.0
1083,underground storage of gas,natural gas storage underground,output capacity for one unit,MW,control,2030,6600.0
1084,underground storage of gas,natural gas storage underground,output capacity for one unit,MW,control,2040,6600.0
1085,underground storage of gas,natural gas storage underground,output capacity for one unit,MW,control,2050,6600.0
1086,underground storage of gas,natural gas storage underground,fixed o&m,EUR_2020/MW/year,control,2020,1.27
1087,underground storage of gas,natural gas storage underground,fixed o&m,EUR_2020/MW/year,control,2030,1.27
1088,underground storage of gas,natural gas storage underground,fixed o&m,EUR_2020/MW/year,control,2040,1.27
1089,underground storage of gas,natural gas storage underground,fixed o&m,EUR_2020/MW/year,control,2050,1.27
1090,underground storage of gas,natural gas storage underground,"installation, equipment, manhours",EUR_2020/MWh,control,2020,0.0
1091,underground storage of gas,natural gas storage underground,"installation, equipment, manhours",EUR_2020/MWh,control,2030,0.0
1092,underground storage of gas,natural gas storage underground,"installation, equipment, manhours",EUR_2020/MWh,control,2040,0.0
1093,underground storage of gas,natural gas storage underground,"installation, equipment, manhours",EUR_2020/MWh,control,2050,0.0
1094,underground storage of gas,natural gas storage underground,specific investment,EUR_2020/MWh,control,2020,0.0
1095,underground storage of gas,natural gas storage underground,specific investment,EUR_2020/MWh,control,2030,0.0
1096,underground storage of gas,natural gas storage underground,specific investment,EUR_2020/MWh,control,2040,0.0
1097,underground storage of gas,natural gas storage underground,specific investment,EUR_2020/MWh,control,2050,0.0
1102,underground storage of gas,natural gas storage underground,"compressors, incl. auxiliaries",EUR_2020,control,2020,32048000.0
1103,underground storage of gas,natural gas storage underground,"compressors, incl. auxiliaries",EUR_2020,control,2030,32048000.0
1104,underground storage of gas,natural gas storage underground,"compressors, incl. auxiliaries",EUR_2020,control,2040,32048000.0
1105,underground storage of gas,natural gas storage underground,"compressors, incl. auxiliaries",EUR_2020,control,2050,32048000.0
1106,underground storage of gas,natural gas storage underground,"connections, transformer, regulation, and instruments",EUR_2020,control,2020,13478000.0
1107,underground storage of gas,natural gas storage underground,"connections, transformer, regulation, and instruments",EUR_2020,control,2030,13478000.0
1108,underground storage of gas,natural gas storage underground,"connections, transformer, regulation, and instruments",EUR_2020,control,2040,13478000.0
1109,underground storage of gas,natural gas storage underground,"connections, transformer, regulation, and instruments",EUR_2020,control,2050,13478000.0
1110,underground storage of gas,natural gas storage underground,construction and equipment,EUR_2020,control,2020,23512000.0
1111,underground storage of gas,natural gas storage underground,construction and equipment,EUR_2020,control,2030,23512000.0
1112,underground storage of gas,natural gas storage underground,construction and equipment,EUR_2020,control,2040,23512000.0
1113,underground storage of gas,natural gas storage underground,construction and equipment,EUR_2020,control,2050,23512000.0
1114,underground storage of gas,natural gas storage underground,construction work,EUR_2020,control,2020,2995000.0
1115,underground storage of gas,natural gas storage underground,construction work,EUR_2020,control,2030,2995000.0
1116,underground storage of gas,natural gas storage underground,construction work,EUR_2020,control,2040,2995000.0
1117,underground storage of gas,natural gas storage underground,construction work,EUR_2020,control,2050,2995000.0
1118,underground storage of gas,natural gas storage underground,cushion gas for one cavern (40% of total),EUR_2020,control,2020,14976000.0
1119,underground storage of gas,natural gas storage underground,cushion gas for one cavern (40% of total),EUR_2020,control,2030,14976000.0
1120,underground storage of gas,natural gas storage underground,cushion gas for one cavern (40% of total),EUR_2020,control,2040,14976000.0
1121,underground storage of gas,natural gas storage underground,cushion gas for one cavern (40% of total),EUR_2020,control,2050,14976000.0
1122,underground storage of gas,natural gas storage underground,plant for cavern leaching,EUR_2020,control,2020,10528000.0
1123,underground storage of gas,natural gas storage underground,plant for cavern leaching,EUR_2020,control,2030,10528000.0
1124,underground storage of gas,natural gas storage underground,plant for cavern leaching,EUR_2020,control,2040,10528000.0
1125,underground storage of gas,natural gas storage underground,plant for cavern leaching,EUR_2020,control,2050,10528000.0
1126,underground storage of gas,natural gas storage underground,total cost,EUR_2020,control,2020,38487000.0
1127,underground storage of gas,natural gas storage underground,total cost,EUR_2020,control,2030,38487000.0
1128,underground storage of gas,natural gas storage underground,total cost,EUR_2020,control,2040,38487000.0
1129,underground storage of gas,natural gas storage underground,total cost,EUR_2020,control,2050,38487000.0
1130,underground storage of gas,natural gas storage underground,total investment cost,EUR_2020,control,2020,67091000.0
1131,underground storage of gas,natural gas storage underground,total investment cost,EUR_2020,control,2030,67091000.0
1132,underground storage of gas,natural gas storage underground,total investment cost,EUR_2020,control,2040,67091000.0
1133,underground storage of gas,natural gas storage underground,total investment cost,EUR_2020,control,2050,67091000.0
1134,underground storage of gas,natural gas storage underground,udtrækstog,EUR_2020,control,2020,13778000.0
1135,underground storage of gas,natural gas storage underground,udtrækstog,EUR_2020,control,2030,13778000.0
1136,underground storage of gas,natural gas storage underground,udtrækstog,EUR_2020,control,2040,13778000.0
1137,underground storage of gas,natural gas storage underground,udtrækstog,EUR_2020,control,2050,13778000.0
1138,underground storage of gas,natural gas storage underground,withdrawal equipment,EUR_2020,control,2020,4792000.0
1139,underground storage of gas,natural gas storage underground,withdrawal equipment,EUR_2020,control,2030,4792000.0
1140,underground storage of gas,natural gas storage underground,withdrawal equipment,EUR_2020,control,2040,4792000.0
1141,underground storage of gas,natural gas storage underground,withdrawal equipment,EUR_2020,control,2050,4792000.0
1142,hydrogen storage - tanks,pressurized hydrogen gas storage system (compressor & type i tanks @ 200bar),charge efficiency,percent,lower,2020,0.883
1143,hydrogen storage - tanks,pressurized hydrogen gas storage system (compressor & type i tanks @ 200bar),charge efficiency,percent,lower,2050,0.897
1144,hydrogen storage - tanks,pressurized hydrogen gas storage system (compressor & type i tanks @ 200bar),charge efficiency,percent,upper,2020,0.883
1145,hydrogen storage - tanks,pressurized hydrogen gas storage system (compressor & type i tanks @ 200bar),charge efficiency,percent,upper,2050,0.902
1146,hydrogen storage - tanks,pressurized hydrogen gas storage system (compressor & type i tanks @ 200bar),charge efficiency,percent,control,2019,0.883
1147,hydrogen storage - tanks,pressurized hydrogen gas storage system (compressor & type i tanks @ 200bar),charge efficiency,percent,control,2020,0.883
1148,hydrogen storage - tanks,pressurized hydrogen gas storage system (compressor & type i tanks @ 200bar),charge efficiency,percent,control,2030,0.89
1149,hydrogen storage - tanks,pressurized hydrogen gas storage system (compressor & type i tanks @ 200bar),charge efficiency,percent,control,2040,0.896
1150,hydrogen storage - tanks,pressurized hydrogen gas storage system (compressor & type i tanks @ 200bar),charge efficiency,percent,control,2050,0.902
1151,hydrogen storage - tanks,pressurized hydrogen gas storage system (compressor & type i tanks @ 200bar),discharge efficiency,percent,lower,2020,1.0
1152,hydrogen storage - tanks,pressurized hydrogen gas storage system (compressor & type i tanks @ 200bar),discharge efficiency,percent,lower,2050,1.0
1153,hydrogen storage - tanks,pressurized hydrogen gas storage system (compressor & type i tanks @ 200bar),discharge efficiency,percent,upper,2020,1.0
1154,hydrogen storage - tanks,pressurized hydrogen gas storage system (compressor & type i tanks @ 200bar),discharge efficiency,percent,upper,2050,1.0
1155,hydrogen storage - tanks,pressurized hydrogen gas storage system (compressor & type i tanks @ 200bar),discharge efficiency,percent,control,2019,1.0
1156,hydrogen storage - tanks,pressurized hydrogen gas storage system (compressor & type i tanks @ 200bar),discharge efficiency,percent,control,2020,1.0
1157,hydrogen storage - tanks,pressurized hydrogen gas storage system (compressor & type i tanks @ 200bar),discharge efficiency,percent,control,2030,1.0
1158,hydrogen storage - tanks,pressurized hydrogen gas storage system (compressor & type i tanks @ 200bar),discharge efficiency,percent,control,2040,1.0
1159,hydrogen storage - tanks,pressurized hydrogen gas storage system (compressor & type i tanks @ 200bar),discharge efficiency,percent,control,2050,1.0
1169,hydrogen storage - tanks,pressurized hydrogen gas storage system (compressor & type i tanks @ 200bar),auxiliary electricity consumption,percent,lower,2020,0.0
1170,hydrogen storage - tanks,pressurized hydrogen gas storage system (compressor & type i tanks @ 200bar),auxiliary electricity consumption,percent,lower,2050,0.0
1171,hydrogen storage - tanks,pressurized hydrogen gas storage system (compressor & type i tanks @ 200bar),auxiliary electricity consumption,percent,upper,2020,1.0
1172,hydrogen storage - tanks,pressurized hydrogen gas storage system (compressor & type i tanks @ 200bar),auxiliary electricity consumption,percent,upper,2050,1.0
1173,hydrogen storage - tanks,pressurized hydrogen gas storage system (compressor & type i tanks @ 200bar),auxiliary electricity consumption,percent,control,2019,1.0
1174,hydrogen storage - tanks,pressurized hydrogen gas storage system (compressor & type i tanks @ 200bar),auxiliary electricity consumption,percent,control,2020,1.0
1175,hydrogen storage - tanks,pressurized hydrogen gas storage system (compressor & type i tanks @ 200bar),auxiliary electricity consumption,percent,control,2030,1.0
1176,hydrogen storage - tanks,pressurized hydrogen gas storage system (compressor & type i tanks @ 200bar),auxiliary electricity consumption,percent,control,2040,1.0
1177,hydrogen storage - tanks,pressurized hydrogen gas storage system (compressor & type i tanks @ 200bar),auxiliary electricity consumption,percent,control,2050,1.0
1178,hydrogen storage - tanks,pressurized hydrogen gas storage system (compressor & type i tanks @ 200bar),construction time,years,lower,2020,0.5
1179,hydrogen storage - tanks,pressurized hydrogen gas storage system (compressor & type i tanks @ 200bar),construction time,years,lower,2050,0.3
1180,hydrogen storage - tanks,pressurized hydrogen gas storage system (compressor & type i tanks @ 200bar),construction time,years,upper,2020,0.5
1181,hydrogen storage - tanks,pressurized hydrogen gas storage system (compressor & type i tanks @ 200bar),construction time,years,upper,2050,0.2
1182,hydrogen storage - tanks,pressurized hydrogen gas storage system (compressor & type i tanks @ 200bar),construction time,years,control,2019,0.5
1183,hydrogen storage - tanks,pressurized hydrogen gas storage system (compressor & type i tanks @ 200bar),construction time,years,control,2020,0.5
1184,hydrogen storage - tanks,pressurized hydrogen gas storage system (compressor & type i tanks @ 200bar),construction time,years,control,2030,0.4
1185,hydrogen storage - tanks,pressurized hydrogen gas storage system (compressor & type i tanks @ 200bar),construction time,years,control,2040,0.4
1186,hydrogen storage - tanks,pressurized hydrogen gas storage system (compressor & type i tanks @ 200bar),construction time,years,control,2050,0.3
1187,hydrogen storage - tanks,pressurized hydrogen gas storage system (compressor & type i tanks @ 200bar),energy losses during storage,percent,lower,2020,0.0
1188,hydrogen storage - tanks,pressurized hydrogen gas storage system (compressor & type i tanks @ 200bar),energy losses during storage,percent,lower,2050,0.0
1189,hydrogen storage - tanks,pressurized hydrogen gas storage system (compressor & type i tanks @ 200bar),energy losses during storage,percent,upper,2020,1.0
1190,hydrogen storage - tanks,pressurized hydrogen gas storage system (compressor & type i tanks @ 200bar),energy losses during storage,percent,upper,2050,1.0
1191,hydrogen storage - tanks,pressurized hydrogen gas storage system (compressor & type i tanks @ 200bar),energy losses during storage,percent,control,2019,1.0
1192,hydrogen storage - tanks,pressurized hydrogen gas storage system (compressor & type i tanks @ 200bar),energy losses during storage,percent,control,2020,1.0
1193,hydrogen storage - tanks,pressurized hydrogen gas storage system (compressor & type i tanks @ 200bar),energy losses during storage,percent,control,2030,1.0
1194,hydrogen storage - tanks,pressurized hydrogen gas storage system (compressor & type i tanks @ 200bar),energy losses during storage,percent,control,2040,1.0
1195,hydrogen storage - tanks,pressurized hydrogen gas storage system (compressor & type i tanks @ 200bar),energy losses during storage,percent,control,2050,1.0
1196,hydrogen storage - tanks,pressurized hydrogen gas storage system (compressor & type i tanks @ 200bar),energy storage capacity for one unit,MWh,lower,2020,16.7
1197,hydrogen storage - tanks,pressurized hydrogen gas storage system (compressor & type i tanks @ 200bar),energy storage capacity for one unit,MWh,lower,2050,16.7
1198,hydrogen storage - tanks,pressurized hydrogen gas storage system (compressor & type i tanks @ 200bar),energy storage capacity for one unit,MWh,upper,2020,16.7
1199,hydrogen storage - tanks,pressurized hydrogen gas storage system (compressor & type i tanks @ 200bar),energy storage capacity for one unit,MWh,upper,2050,16.7
1200,hydrogen storage - tanks,pressurized hydrogen gas storage system (compressor & type i tanks @ 200bar),energy storage capacity for one unit,MWh,control,2019,16.7
1201,hydrogen storage - tanks,pressurized hydrogen gas storage system (compressor & type i tanks @ 200bar),energy storage capacity for one unit,MWh,control,2020,16.7
1202,hydrogen storage - tanks,pressurized hydrogen gas storage system (compressor & type i tanks @ 200bar),energy storage capacity for one unit,MWh,control,2030,16.7
1203,hydrogen storage - tanks,pressurized hydrogen gas storage system (compressor & type i tanks @ 200bar),energy storage capacity for one unit,MWh,control,2040,16.7
1204,hydrogen storage - tanks,pressurized hydrogen gas storage system (compressor & type i tanks @ 200bar),energy storage capacity for one unit,MWh,control,2050,16.7
1205,hydrogen storage - tanks,pressurized hydrogen gas storage system (compressor & type i tanks @ 200bar),forced outage,percent,lower,2020,0.0
1206,hydrogen storage - tanks,pressurized hydrogen gas storage system (compressor & type i tanks @ 200bar),forced outage,percent,lower,2050,0.0
1207,hydrogen storage - tanks,pressurized hydrogen gas storage system (compressor & type i tanks @ 200bar),forced outage,percent,upper,2020,0.0
1208,hydrogen storage - tanks,pressurized hydrogen gas storage system (compressor & type i tanks @ 200bar),forced outage,percent,upper,2050,0.0
1209,hydrogen storage - tanks,pressurized hydrogen gas storage system (compressor & type i tanks @ 200bar),forced outage,percent,control,2019,0.0
1210,hydrogen storage - tanks,pressurized hydrogen gas storage system (compressor & type i tanks @ 200bar),forced outage,percent,control,2020,0.0
1211,hydrogen storage - tanks,pressurized hydrogen gas storage system (compressor & type i tanks @ 200bar),forced outage,percent,control,2030,0.0
1212,hydrogen storage - tanks,pressurized hydrogen gas storage system (compressor & type i tanks @ 200bar),forced outage,percent,control,2040,0.0
1213,hydrogen storage - tanks,pressurized hydrogen gas storage system (compressor & type i tanks @ 200bar),forced outage,percent,control,2050,0.0
1223,hydrogen storage - tanks,pressurized hydrogen gas storage system (compressor & type i tanks @ 200bar),input capacity for one unit,MW,lower,2020,0.1
1224,hydrogen storage - tanks,pressurized hydrogen gas storage system (compressor & type i tanks @ 200bar),input capacity for one unit,MW,lower,2050,0.085
1225,hydrogen storage - tanks,pressurized hydrogen gas storage system (compressor & type i tanks @ 200bar),input capacity for one unit,MW,upper,2020,0.99
1226,hydrogen storage - tanks,pressurized hydrogen gas storage system (compressor & type i tanks @ 200bar),input capacity for one unit,MW,upper,2050,0.08
1227,hydrogen storage - tanks,pressurized hydrogen gas storage system (compressor & type i tanks @ 200bar),input capacity for one unit,MW,control,2019,0.1
1228,hydrogen storage - tanks,pressurized hydrogen gas storage system (compressor & type i tanks @ 200bar),input capacity for one unit,MW,control,2020,0.095
1229,hydrogen storage - tanks,pressurized hydrogen gas storage system (compressor & type i tanks @ 200bar),input capacity for one unit,MW,control,2030,0.09
1230,hydrogen storage - tanks,pressurized hydrogen gas storage system (compressor & type i tanks @ 200bar),input capacity for one unit,MW,control,2040,0.08
1231,hydrogen storage - tanks,pressurized hydrogen gas storage system (compressor & type i tanks @ 200bar),input capacity for one unit,MW,control,2050,0.08
1241,hydrogen storage - tanks,pressurized hydrogen gas storage system (compressor & type i tanks @ 200bar),planned outage,weeks/year,lower,2020,3.0
1242,hydrogen storage - tanks,pressurized hydrogen gas storage system (compressor & type i tanks @ 200bar),planned outage,weeks/year,lower,2050,1.5
1243,hydrogen storage - tanks,pressurized hydrogen gas storage system (compressor & type i tanks @ 200bar),planned outage,weeks/year,upper,2020,3.0
1244,hydrogen storage - tanks,pressurized hydrogen gas storage system (compressor & type i tanks @ 200bar),planned outage,weeks/year,upper,2050,0.5
1245,hydrogen storage - tanks,pressurized hydrogen gas storage system (compressor & type i tanks @ 200bar),planned outage,weeks/year,control,2019,3.0
1246,hydrogen storage - tanks,pressurized hydrogen gas storage system (compressor & type i tanks @ 200bar),planned outage,weeks/year,control,2020,3.0
1247,hydrogen storage - tanks,pressurized hydrogen gas storage system (compressor & type i tanks @ 200bar),planned outage,weeks/year,control,2030,2.0
1248,hydrogen storage - tanks,pressurized hydrogen gas storage system (compressor & type i tanks @ 200bar),planned outage,weeks/year,control,2040,1.5
1249,hydrogen storage - tanks,pressurized hydrogen gas storage system (compressor & type i tanks @ 200bar),planned outage,weeks/year,control,2050,1.0
1250,hydrogen storage - tanks,pressurized hydrogen gas storage system (compressor & type i tanks @ 200bar),round trip efficiency,percent,lower,2020,0.883
1251,hydrogen storage - tanks,pressurized hydrogen gas storage system (compressor & type i tanks @ 200bar),round trip efficiency,percent,lower,2050,0.897
1252,hydrogen storage - tanks,pressurized hydrogen gas storage system (compressor & type i tanks @ 200bar),round trip efficiency,percent,upper,2020,0.883
1253,hydrogen storage - tanks,pressurized hydrogen gas storage system (compressor & type i tanks @ 200bar),round trip efficiency,percent,upper,2050,0.902
1254,hydrogen storage - tanks,pressurized hydrogen gas storage system (compressor & type i tanks @ 200bar),round trip efficiency,percent,control,2019,0.883
1255,hydrogen storage - tanks,pressurized hydrogen gas storage system (compressor & type i tanks @ 200bar),round trip efficiency,percent,control,2020,0.883
1256,hydrogen storage - tanks,pressurized hydrogen gas storage system (compressor & type i tanks @ 200bar),round trip efficiency,percent,control,2030,0.89
1257,hydrogen storage - tanks,pressurized hydrogen gas storage system (compressor & type i tanks @ 200bar),round trip efficiency,percent,control,2040,0.896
1258,hydrogen storage - tanks,pressurized hydrogen gas storage system (compressor & type i tanks @ 200bar),round trip efficiency,percent,control,2050,0.902
1259,hydrogen storage - tanks,pressurized hydrogen gas storage system (compressor & type i tanks @ 200bar),technical lifetime,years,lower,2020,25.0
1260,hydrogen storage - tanks,pressurized hydrogen gas storage system (compressor & type i tanks @ 200bar),technical lifetime,years,lower,2050,30.0
1261,hydrogen storage - tanks,pressurized hydrogen gas storage system (compressor & type i tanks @ 200bar),technical lifetime,years,upper,2020,25.0
1262,hydrogen storage - tanks,pressurized hydrogen gas storage system (compressor & type i tanks @ 200bar),technical lifetime,years,upper,2050,30.0
1263,hydrogen storage - tanks,pressurized hydrogen gas storage system (compressor & type i tanks @ 200bar),technical lifetime,years,control,2019,25.0
1264,hydrogen storage - tanks,pressurized hydrogen gas storage system (compressor & type i tanks @ 200bar),technical lifetime,years,control,2020,25.0
1265,hydrogen storage - tanks,pressurized hydrogen gas storage system (compressor & type i tanks @ 200bar),technical lifetime,years,control,2030,30.0
1266,hydrogen storage - tanks,pressurized hydrogen gas storage system (compressor & type i tanks @ 200bar),technical lifetime,years,control,2040,30.0
1267,hydrogen storage - tanks,pressurized hydrogen gas storage system (compressor & type i tanks @ 200bar),technical lifetime,years,control,2050,30.0
1268,hydrogen storage - tanks,pressurized hydrogen gas storage system (compressor & type i tanks @ 200bar),compressor component,EUR_2020/MWh,lower,2020,32000.0
1269,hydrogen storage - tanks,pressurized hydrogen gas storage system (compressor & type i tanks @ 200bar),compressor component,EUR_2020/MWh,lower,2050,17000.0
1270,hydrogen storage - tanks,pressurized hydrogen gas storage system (compressor & type i tanks @ 200bar),compressor component,EUR_2020/MWh,upper,2020,32000.0
1271,hydrogen storage - tanks,pressurized hydrogen gas storage system (compressor & type i tanks @ 200bar),compressor component,EUR_2020/MWh,upper,2050,8000.0
1272,hydrogen storage - tanks,pressurized hydrogen gas storage system (compressor & type i tanks @ 200bar),compressor component,EUR_2020/MWh,control,2019,32000.0
1273,hydrogen storage - tanks,pressurized hydrogen gas storage system (compressor & type i tanks @ 200bar),compressor component,EUR_2020/MWh,control,2020,32000.0
1274,hydrogen storage - tanks,pressurized hydrogen gas storage system (compressor & type i tanks @ 200bar),compressor component,EUR_2020/MWh,control,2030,25000.0
1275,hydrogen storage - tanks,pressurized hydrogen gas storage system (compressor & type i tanks @ 200bar),compressor component,EUR_2020/MWh,control,2040,14000.0
1276,hydrogen storage - tanks,pressurized hydrogen gas storage system (compressor & type i tanks @ 200bar),compressor component,EUR_2020/MWh,control,2050,8000.0
1277,hydrogen storage - tanks,pressurized hydrogen gas storage system (compressor & type i tanks @ 200bar),fixed o&m,EUR_2020/MW/year,lower,2020,638.04
1278,hydrogen storage - tanks,pressurized hydrogen gas storage system (compressor & type i tanks @ 200bar),fixed o&m,EUR_2020/MW/year,lower,2050,478.53
1279,hydrogen storage - tanks,pressurized hydrogen gas storage system (compressor & type i tanks @ 200bar),fixed o&m,EUR_2020/MW/year,upper,2020,638.04
1280,hydrogen storage - tanks,pressurized hydrogen gas storage system (compressor & type i tanks @ 200bar),fixed o&m,EUR_2020/MW/year,upper,2050,319.02
1281,hydrogen storage - tanks,pressurized hydrogen gas storage system (compressor & type i tanks @ 200bar),fixed o&m,EUR_2020/MW/year,control,2019,638.04
1282,hydrogen storage - tanks,pressurized hydrogen gas storage system (compressor & type i tanks @ 200bar),fixed o&m,EUR_2020/MW/year,control,2020,638.04
1283,hydrogen storage - tanks,pressurized hydrogen gas storage system (compressor & type i tanks @ 200bar),fixed o&m,EUR_2020/MW/year,control,2030,531.7
1284,hydrogen storage - tanks,pressurized hydrogen gas storage system (compressor & type i tanks @ 200bar),fixed o&m,EUR_2020/MW/year,control,2040,531.7
1285,hydrogen storage - tanks,pressurized hydrogen gas storage system (compressor & type i tanks @ 200bar),fixed o&m,EUR_2020/MW/year,control,2050,425.36
1286,hydrogen storage - tanks,pressurized hydrogen gas storage system (compressor & type i tanks @ 200bar),"installation, equipment, manhours",EUR_2020/MWh,lower,2020,10000.0
1287,hydrogen storage - tanks,pressurized hydrogen gas storage system (compressor & type i tanks @ 200bar),"installation, equipment, manhours",EUR_2020/MWh,lower,2050,8000.0
1288,hydrogen storage - tanks,pressurized hydrogen gas storage system (compressor & type i tanks @ 200bar),"installation, equipment, manhours",EUR_2020/MWh,upper,2020,10000.0
1289,hydrogen storage - tanks,pressurized hydrogen gas storage system (compressor & type i tanks @ 200bar),"installation, equipment, manhours",EUR_2020/MWh,upper,2050,5000.0
1290,hydrogen storage - tanks,pressurized hydrogen gas storage system (compressor & type i tanks @ 200bar),"installation, equipment, manhours",EUR_2020/MWh,control,2019,10000.0
1291,hydrogen storage - tanks,pressurized hydrogen gas storage system (compressor & type i tanks @ 200bar),"installation, equipment, manhours",EUR_2020/MWh,control,2020,10000.0
1292,hydrogen storage - tanks,pressurized hydrogen gas storage system (compressor & type i tanks @ 200bar),"installation, equipment, manhours",EUR_2020/MWh,control,2030,8000.0
1293,hydrogen storage - tanks,pressurized hydrogen gas storage system (compressor & type i tanks @ 200bar),"installation, equipment, manhours",EUR_2020/MWh,control,2040,7000.0
1294,hydrogen storage - tanks,pressurized hydrogen gas storage system (compressor & type i tanks @ 200bar),"installation, equipment, manhours",EUR_2020/MWh,control,2050,5000.0
1295,hydrogen storage - tanks,pressurized hydrogen gas storage system (compressor & type i tanks @ 200bar),specific investment,EUR_2020/MWh,lower,2020,61000.0
1296,hydrogen storage - tanks,pressurized hydrogen gas storage system (compressor & type i tanks @ 200bar),specific investment,EUR_2020/MWh,lower,2050,37000.0
1297,hydrogen storage - tanks,pressurized hydrogen gas storage system (compressor & type i tanks @ 200bar),specific investment,EUR_2020/MWh,upper,2020,61000.0
1298,hydrogen storage - tanks,pressurized hydrogen gas storage system (compressor & type i tanks @ 200bar),specific investment,EUR_2020/MWh,upper,2050,22000.0
1299,hydrogen storage - tanks,pressurized hydrogen gas storage system (compressor & type i tanks @ 200bar),specific investment,EUR_2020/MWh,control,2019,61000.0
1300,hydrogen storage - tanks,pressurized hydrogen gas storage system (compressor & type i tanks @ 200bar),specific investment,EUR_2020/MWh,control,2020,61000.0
1301,hydrogen storage - tanks,pressurized hydrogen gas storage system (compressor & type i tanks @ 200bar),specific investment,EUR_2020/MWh,control,2030,48000.0
1302,hydrogen storage - tanks,pressurized hydrogen gas storage system (compressor & type i tanks @ 200bar),specific investment,EUR_2020/MWh,control,2040,29000.0
1303,hydrogen storage - tanks,pressurized hydrogen gas storage system (compressor & type i tanks @ 200bar),specific investment,EUR_2020/MWh,control,2050,22000.0
1304,hydrogen storage - tanks,pressurized hydrogen gas storage system (compressor & type i tanks @ 200bar),type i tanks component,EUR_2020/MWh,lower,2020,19000.0
1305,hydrogen storage - tanks,pressurized hydrogen gas storage system (compressor & type i tanks @ 200bar),type i tanks component,EUR_2020/MWh,lower,2050,15000.0
1306,hydrogen storage - tanks,pressurized hydrogen gas storage system (compressor & type i tanks @ 200bar),type i tanks component,EUR_2020/MWh,upper,2020,19000.0
1307,hydrogen storage - tanks,pressurized hydrogen gas storage system (compressor & type i tanks @ 200bar),type i tanks component,EUR_2020/MWh,upper,2050,10000.0
1308,hydrogen storage - tanks,pressurized hydrogen gas storage system (compressor & type i tanks @ 200bar),type i tanks component,EUR_2020/MWh,control,2019,19000.0
1309,hydrogen storage - tanks,pressurized hydrogen gas storage system (compressor & type i tanks @ 200bar),type i tanks component,EUR_2020/MWh,control,2020,19000.0
1310,hydrogen storage - tanks,pressurized hydrogen gas storage system (compressor & type i tanks @ 200bar),type i tanks component,EUR_2020/MWh,control,2030,17000.0
1311,hydrogen storage - tanks,pressurized hydrogen gas storage system (compressor & type i tanks @ 200bar),type i tanks component,EUR_2020/MWh,control,2040,12000.0
1312,hydrogen storage - tanks,pressurized hydrogen gas storage system (compressor & type i tanks @ 200bar),type i tanks component,EUR_2020/MWh,control,2050,10000.0
1322,hydrogen storage - tanks,pressurized hydrogen gas storage system (compressor & type i tanks @ 200bar),primary regulation,percent,lower,2020,3.3
1323,hydrogen storage - tanks,pressurized hydrogen gas storage system (compressor & type i tanks @ 200bar),primary regulation,percent,lower,2050,3.3
1324,hydrogen storage - tanks,pressurized hydrogen gas storage system (compressor & type i tanks @ 200bar),primary regulation,percent,upper,2020,3.3
1325,hydrogen storage - tanks,pressurized hydrogen gas storage system (compressor & type i tanks @ 200bar),primary regulation,percent,upper,2050,3.3
1326,hydrogen storage - tanks,pressurized hydrogen gas storage system (compressor & type i tanks @ 200bar),primary regulation,percent,control,2019,3.3
1327,hydrogen storage - tanks,pressurized hydrogen gas storage system (compressor & type i tanks @ 200bar),primary regulation,percent,control,2020,3.3
1328,hydrogen storage - tanks,pressurized hydrogen gas storage system (compressor & type i tanks @ 200bar),primary regulation,percent,control,2030,3.3
1329,hydrogen storage - tanks,pressurized hydrogen gas storage system (compressor & type i tanks @ 200bar),primary regulation,percent,control,2040,3.3
1330,hydrogen storage - tanks,pressurized hydrogen gas storage system (compressor & type i tanks @ 200bar),primary regulation,percent,control,2050,3.3
1331,hydrogen storage - tanks,pressurized hydrogen gas storage system (compressor & type i tanks @ 200bar),secondary regulation,percent/minute,lower,2020,6.7
1332,hydrogen storage - tanks,pressurized hydrogen gas storage system (compressor & type i tanks @ 200bar),secondary regulation,percent/minute,lower,2050,6.7
1333,hydrogen storage - tanks,pressurized hydrogen gas storage system (compressor & type i tanks @ 200bar),secondary regulation,percent/minute,upper,2020,6.7
1334,hydrogen storage - tanks,pressurized hydrogen gas storage system (compressor & type i tanks @ 200bar),secondary regulation,percent/minute,upper,2050,6.7
1335,hydrogen storage - tanks,pressurized hydrogen gas storage system (compressor & type i tanks @ 200bar),secondary regulation,percent/minute,control,2019,6.7
1336,hydrogen storage - tanks,pressurized hydrogen gas storage system (compressor & type i tanks @ 200bar),secondary regulation,percent/minute,control,2020,6.7
1337,hydrogen storage - tanks,pressurized hydrogen gas storage system (compressor & type i tanks @ 200bar),secondary regulation,percent/minute,control,2030,6.7
1338,hydrogen storage - tanks,pressurized hydrogen gas storage system (compressor & type i tanks @ 200bar),secondary regulation,percent/minute,control,2040,6.7
1339,hydrogen storage - tanks,pressurized hydrogen gas storage system (compressor & type i tanks @ 200bar),secondary regulation,percent/minute,control,2050,6.7
1340,hydrogen storage - tanks,pressurized hydrogen gas storage system (compressor & type i tanks @ 200bar),gravimetric energy density,kWh/kg,lower,2020,33.3
1341,hydrogen storage - tanks,pressurized hydrogen gas storage system (compressor & type i tanks @ 200bar),gravimetric energy density,kWh/kg,lower,2050,33.3
1342,hydrogen storage - tanks,pressurized hydrogen gas storage system (compressor & type i tanks @ 200bar),gravimetric energy density,kWh/kg,upper,2020,33.3
1343,hydrogen storage - tanks,pressurized hydrogen gas storage system (compressor & type i tanks @ 200bar),gravimetric energy density,kWh/kg,upper,2050,33.3
1344,hydrogen storage - tanks,pressurized hydrogen gas storage system (compressor & type i tanks @ 200bar),gravimetric energy density,kWh/kg,control,2019,33.3
1345,hydrogen storage - tanks,pressurized hydrogen gas storage system (compressor & type i tanks @ 200bar),gravimetric energy density,kWh/kg,control,2020,33.3
1346,hydrogen storage - tanks,pressurized hydrogen gas storage system (compressor & type i tanks @ 200bar),gravimetric energy density,kWh/kg,control,2030,33.3
1347,hydrogen storage - tanks,pressurized hydrogen gas storage system (compressor & type i tanks @ 200bar),gravimetric energy density,kWh/kg,control,2040,33.3
1348,hydrogen storage - tanks,pressurized hydrogen gas storage system (compressor & type i tanks @ 200bar),gravimetric energy density,kWh/kg,control,2050,33.3
1349,hydrogen storage - tanks,pressurized hydrogen gas storage system (compressor & type i tanks @ 200bar),permeation characteristics for type i tanks,mol/s/m/Pa,lower,2020,2.84e-21
1350,hydrogen storage - tanks,pressurized hydrogen gas storage system (compressor & type i tanks @ 200bar),permeation characteristics for type i tanks,mol/s/m/Pa,lower,2050,2.84e-21
1351,hydrogen storage - tanks,pressurized hydrogen gas storage system (compressor & type i tanks @ 200bar),permeation characteristics for type i tanks,mol/s/m/Pa,upper,2020,2.84e-21
1352,hydrogen storage - tanks,pressurized hydrogen gas storage system (compressor & type i tanks @ 200bar),permeation characteristics for type i tanks,mol/s/m/Pa,upper,2050,2.84e-21
1353,hydrogen storage - tanks,pressurized hydrogen gas storage system (compressor & type i tanks @ 200bar),permeation characteristics for type i tanks,mol/s/m/Pa,control,2019,2.84e-21
1354,hydrogen storage - tanks,pressurized hydrogen gas storage system (compressor & type i tanks @ 200bar),permeation characteristics for type i tanks,mol/s/m/Pa,control,2020,2.84e-21
1355,hydrogen storage - tanks,pressurized hydrogen gas storage system (compressor & type i tanks @ 200bar),permeation characteristics for type i tanks,mol/s/m/Pa,control,2030,2.84e-21
1356,hydrogen storage - tanks,pressurized hydrogen gas storage system (compressor & type i tanks @ 200bar),permeation characteristics for type i tanks,mol/s/m/Pa,control,2040,2.84e-21
1357,hydrogen storage - tanks,pressurized hydrogen gas storage system (compressor & type i tanks @ 200bar),permeation characteristics for type i tanks,mol/s/m/Pa,control,2050,2.84e-21
1358,hydrogen storage - tanks,pressurized hydrogen gas storage system (compressor & type i tanks @ 200bar),volumetric energy density @0oc and 1atm pressure,kWh/meter**3,lower,2020,0.09
1359,hydrogen storage - tanks,pressurized hydrogen gas storage system (compressor & type i tanks @ 200bar),volumetric energy density @0oc and 1atm pressure,kWh/meter**3,lower,2050,0.09
1360,hydrogen storage - tanks,pressurized hydrogen gas storage system (compressor & type i tanks @ 200bar),volumetric energy density @0oc and 1atm pressure,kWh/meter**3,upper,2020,0.09
1361,hydrogen storage - tanks,pressurized hydrogen gas storage system (compressor & type i tanks @ 200bar),volumetric energy density @0oc and 1atm pressure,kWh/meter**3,upper,2050,0.09
1362,hydrogen storage - tanks,pressurized hydrogen gas storage system (compressor & type i tanks @ 200bar),volumetric energy density @0oc and 1atm pressure,kWh/meter**3,control,2019,0.09
1363,hydrogen storage - tanks,pressurized hydrogen gas storage system (compressor & type i tanks @ 200bar),volumetric energy density @0oc and 1atm pressure,kWh/meter**3,control,2020,0.09
1364,hydrogen storage - tanks,pressurized hydrogen gas storage system (compressor & type i tanks @ 200bar),volumetric energy density @0oc and 1atm pressure,kWh/meter**3,control,2030,0.09
1365,hydrogen storage - tanks,pressurized hydrogen gas storage system (compressor & type i tanks @ 200bar),volumetric energy density @0oc and 1atm pressure,kWh/meter**3,control,2040,0.09
1366,hydrogen storage - tanks,pressurized hydrogen gas storage system (compressor & type i tanks @ 200bar),volumetric energy density @0oc and 1atm pressure,kWh/meter**3,control,2050,0.09
1367,hydrogen storage - lohc,hydrogen storage - lohc,charge efficiency,percent,control,2015,0.72
1368,hydrogen storage - lohc,hydrogen storage - lohc,charge efficiency,percent,control,2020,0.72
1369,hydrogen storage - lohc,hydrogen storage - lohc,charge efficiency,percent,control,2030,0.74
1370,hydrogen storage - lohc,hydrogen storage - lohc,charge efficiency,percent,control,2040,0.75
1371,hydrogen storage - lohc,hydrogen storage - lohc,charge efficiency,percent,control,2050,0.75
1372,hydrogen storage - lohc,hydrogen storage - lohc,discharge efficiency,percent,lower,2020,1.0
1373,hydrogen storage - lohc,hydrogen storage - lohc,discharge efficiency,percent,lower,2050,1.0
1374,hydrogen storage - lohc,hydrogen storage - lohc,discharge efficiency,percent,upper,2020,1.0
1375,hydrogen storage - lohc,hydrogen storage - lohc,discharge efficiency,percent,upper,2050,1.0
1376,hydrogen storage - lohc,hydrogen storage - lohc,discharge efficiency,percent,control,2015,1.0
1377,hydrogen storage - lohc,hydrogen storage - lohc,discharge efficiency,percent,control,2020,1.0
1378,hydrogen storage - lohc,hydrogen storage - lohc,discharge efficiency,percent,control,2030,1.0
1379,hydrogen storage - lohc,hydrogen storage - lohc,discharge efficiency,percent,control,2040,1.0
1380,hydrogen storage - lohc,hydrogen storage - lohc,discharge efficiency,percent,control,2050,1.0
1381,hydrogen storage - lohc,hydrogen storage - lohc,auxiliary electricity consumption,percent,lower,2020,0.0
1382,hydrogen storage - lohc,hydrogen storage - lohc,auxiliary electricity consumption,percent,lower,2050,0.0
1383,hydrogen storage - lohc,hydrogen storage - lohc,auxiliary electricity consumption,percent,upper,2020,0.01
1384,hydrogen storage - lohc,hydrogen storage - lohc,auxiliary electricity consumption,percent,upper,2050,0.01
1385,hydrogen storage - lohc,hydrogen storage - lohc,auxiliary electricity consumption,percent,control,2015,0.01
1386,hydrogen storage - lohc,hydrogen storage - lohc,auxiliary electricity consumption,percent,control,2020,0.01
1387,hydrogen storage - lohc,hydrogen storage - lohc,auxiliary electricity consumption,percent,control,2030,0.01
1388,hydrogen storage - lohc,hydrogen storage - lohc,auxiliary electricity consumption,percent,control,2040,0.01
1389,hydrogen storage - lohc,hydrogen storage - lohc,auxiliary electricity consumption,percent,control,2050,0.01
1399,hydrogen storage - lohc,hydrogen storage - lohc,energy losses during storage,percent,lower,2020,0.0
1400,hydrogen storage - lohc,hydrogen storage - lohc,energy losses during storage,percent,lower,2050,0.0
1401,hydrogen storage - lohc,hydrogen storage - lohc,energy losses during storage,percent,upper,2020,0.01
1402,hydrogen storage - lohc,hydrogen storage - lohc,energy losses during storage,percent,upper,2050,0.01
1403,hydrogen storage - lohc,hydrogen storage - lohc,energy losses during storage,percent,control,2015,0.01
1404,hydrogen storage - lohc,hydrogen storage - lohc,energy losses during storage,percent,control,2020,0.01
1405,hydrogen storage - lohc,hydrogen storage - lohc,energy losses during storage,percent,control,2030,0.01
1406,hydrogen storage - lohc,hydrogen storage - lohc,energy losses during storage,percent,control,2040,0.01
1407,hydrogen storage - lohc,hydrogen storage - lohc,energy losses during storage,percent,control,2050,0.01
1408,hydrogen storage - lohc,hydrogen storage - lohc,energy storage capacity for one unit,MWh,lower,2020,7.0
1409,hydrogen storage - lohc,hydrogen storage - lohc,energy storage capacity for one unit,MWh,lower,2050,7.0
1410,hydrogen storage - lohc,hydrogen storage - lohc,energy storage capacity for one unit,MWh,upper,2020,7.0
1411,hydrogen storage - lohc,hydrogen storage - lohc,energy storage capacity for one unit,MWh,upper,2050,7.0
1412,hydrogen storage - lohc,hydrogen storage - lohc,energy storage capacity for one unit,MWh,control,2015,7.0
1413,hydrogen storage - lohc,hydrogen storage - lohc,energy storage capacity for one unit,MWh,control,2020,7.0
1414,hydrogen storage - lohc,hydrogen storage - lohc,energy storage capacity for one unit,MWh,control,2030,7.0
1415,hydrogen storage - lohc,hydrogen storage - lohc,energy storage capacity for one unit,MWh,control,2040,7.0
1416,hydrogen storage - lohc,hydrogen storage - lohc,energy storage capacity for one unit,MWh,control,2050,7.0
1417,hydrogen storage - lohc,hydrogen storage - lohc,forced outage,percent,lower,2020,0.0
1418,hydrogen storage - lohc,hydrogen storage - lohc,forced outage,percent,lower,2050,0.0
1419,hydrogen storage - lohc,hydrogen storage - lohc,forced outage,percent,upper,2020,0.0
1420,hydrogen storage - lohc,hydrogen storage - lohc,forced outage,percent,upper,2050,0.0
1421,hydrogen storage - lohc,hydrogen storage - lohc,forced outage,percent,control,2015,0.0
1422,hydrogen storage - lohc,hydrogen storage - lohc,forced outage,percent,control,2020,0.0
1423,hydrogen storage - lohc,hydrogen storage - lohc,forced outage,percent,control,2030,0.0
1424,hydrogen storage - lohc,hydrogen storage - lohc,forced outage,percent,control,2040,0.0
1425,hydrogen storage - lohc,hydrogen storage - lohc,forced outage,percent,control,2050,0.0
1435,hydrogen storage - lohc,hydrogen storage - lohc,input capacity for one unit,MW,lower,2020,2.0
1436,hydrogen storage - lohc,hydrogen storage - lohc,input capacity for one unit,MW,lower,2050,50.0
1437,hydrogen storage - lohc,hydrogen storage - lohc,input capacity for one unit,MW,upper,2020,2.0
1438,hydrogen storage - lohc,hydrogen storage - lohc,input capacity for one unit,MW,upper,2050,500.0
1439,hydrogen storage - lohc,hydrogen storage - lohc,input capacity for one unit,MW,control,2015,0.3
1440,hydrogen storage - lohc,hydrogen storage - lohc,input capacity for one unit,MW,control,2020,7.0
1441,hydrogen storage - lohc,hydrogen storage - lohc,input capacity for one unit,MW,control,2030,34.0
1442,hydrogen storage - lohc,hydrogen storage - lohc,input capacity for one unit,MW,control,2040,70.0
1443,hydrogen storage - lohc,hydrogen storage - lohc,input capacity for one unit,MW,control,2050,300.0
1448,hydrogen storage - lohc,hydrogen storage - lohc,output capacity for one unit,MW,control,2015,0.1
1449,hydrogen storage - lohc,hydrogen storage - lohc,output capacity for one unit,MW,control,2020,2.0
1450,hydrogen storage - lohc,hydrogen storage - lohc,output capacity for one unit,MW,control,2030,5.0
1451,hydrogen storage - lohc,hydrogen storage - lohc,output capacity for one unit,MW,control,2040,10.0
1452,hydrogen storage - lohc,hydrogen storage - lohc,output capacity for one unit,MW,control,2050,50.0
1453,hydrogen storage - lohc,hydrogen storage - lohc,planned outage,weeks/year,lower,2020,2.0
1454,hydrogen storage - lohc,hydrogen storage - lohc,planned outage,weeks/year,lower,2050,2.0
1455,hydrogen storage - lohc,hydrogen storage - lohc,planned outage,weeks/year,upper,2020,2.0
1456,hydrogen storage - lohc,hydrogen storage - lohc,planned outage,weeks/year,upper,2050,2.0
1457,hydrogen storage - lohc,hydrogen storage - lohc,planned outage,weeks/year,control,2015,2.0
1458,hydrogen storage - lohc,hydrogen storage - lohc,planned outage,weeks/year,control,2020,2.0
1459,hydrogen storage - lohc,hydrogen storage - lohc,planned outage,weeks/year,control,2030,2.0
1460,hydrogen storage - lohc,hydrogen storage - lohc,planned outage,weeks/year,control,2040,2.0
1461,hydrogen storage - lohc,hydrogen storage - lohc,planned outage,weeks/year,control,2050,2.0
1462,hydrogen storage - lohc,hydrogen storage - lohc,round trip efficiency,percent,lower,2020,0.75
1463,hydrogen storage - lohc,hydrogen storage - lohc,round trip efficiency,percent,lower,2050,0.75
1464,hydrogen storage - lohc,hydrogen storage - lohc,round trip efficiency,percent,upper,2020,0.75
1465,hydrogen storage - lohc,hydrogen storage - lohc,round trip efficiency,percent,upper,2050,0.75
1466,hydrogen storage - lohc,hydrogen storage - lohc,round trip efficiency,percent,control,2015,0.72
1467,hydrogen storage - lohc,hydrogen storage - lohc,round trip efficiency,percent,control,2020,0.72
1468,hydrogen storage - lohc,hydrogen storage - lohc,round trip efficiency,percent,control,2030,0.74
1469,hydrogen storage - lohc,hydrogen storage - lohc,round trip efficiency,percent,control,2040,0.75
1470,hydrogen storage - lohc,hydrogen storage - lohc,round trip efficiency,percent,control,2050,0.75
1471,hydrogen storage - lohc,hydrogen storage - lohc,technical lifetime,years,lower,2020,20.0
1472,hydrogen storage - lohc,hydrogen storage - lohc,technical lifetime,years,lower,2050,20.0
1473,hydrogen storage - lohc,hydrogen storage - lohc,technical lifetime,years,upper,2020,20.0
1474,hydrogen storage - lohc,hydrogen storage - lohc,technical lifetime,years,upper,2050,20.0
1475,hydrogen storage - lohc,hydrogen storage - lohc,technical lifetime,years,control,2015,20.0
1476,hydrogen storage - lohc,hydrogen storage - lohc,technical lifetime,years,control,2020,20.0
1477,hydrogen storage - lohc,hydrogen storage - lohc,technical lifetime,years,control,2030,20.0
1478,hydrogen storage - lohc,hydrogen storage - lohc,technical lifetime,years,control,2040,20.0
1479,hydrogen storage - lohc,hydrogen storage - lohc,technical lifetime,years,control,2050,20.0
1480,hydrogen storage - lohc,hydrogen storage - lohc,hereof equipment,EUR_2020/MWh,lower,2020,1000.0
1481,hydrogen storage - lohc,hydrogen storage - lohc,hereof equipment,EUR_2020/MWh,lower,2050,0.0
1482,hydrogen storage - lohc,hydrogen storage - lohc,hereof equipment,EUR_2020/MWh,upper,2020,1000.0
1483,hydrogen storage - lohc,hydrogen storage - lohc,hereof equipment,EUR_2020/MWh,upper,2050,0.0
1484,hydrogen storage - lohc,hydrogen storage - lohc,hereof equipment,EUR_2020/MWh,control,2015,1000.0
1485,hydrogen storage - lohc,hydrogen storage - lohc,hereof equipment,EUR_2020/MWh,control,2020,1000.0
1486,hydrogen storage - lohc,hydrogen storage - lohc,hereof equipment,EUR_2020/MWh,control,2030,0.0
1487,hydrogen storage - lohc,hydrogen storage - lohc,hereof equipment,EUR_2020/MWh,control,2040,0.0
1488,hydrogen storage - lohc,hydrogen storage - lohc,hereof equipment,EUR_2020/MWh,control,2050,0.0
1489,hydrogen storage - lohc,hydrogen storage - lohc,hereof installation,EUR_2020/MWh,lower,2020,0.0
1490,hydrogen storage - lohc,hydrogen storage - lohc,hereof installation,EUR_2020/MWh,lower,2050,0.0
1491,hydrogen storage - lohc,hydrogen storage - lohc,hereof installation,EUR_2020/MWh,upper,2020,0.0
1492,hydrogen storage - lohc,hydrogen storage - lohc,hereof installation,EUR_2020/MWh,upper,2050,0.0
1493,hydrogen storage - lohc,hydrogen storage - lohc,hereof installation,EUR_2020/MWh,control,2015,0.0
1494,hydrogen storage - lohc,hydrogen storage - lohc,hereof installation,EUR_2020/MWh,control,2020,0.0
1495,hydrogen storage - lohc,hydrogen storage - lohc,hereof installation,EUR_2020/MWh,control,2030,0.0
1496,hydrogen storage - lohc,hydrogen storage - lohc,hereof installation,EUR_2020/MWh,control,2040,0.0
1497,hydrogen storage - lohc,hydrogen storage - lohc,hereof installation,EUR_2020/MWh,control,2050,0.0
1498,hydrogen storage - lohc,hydrogen storage - lohc,fixed o&m,EUR_2020/MW/year,lower,2020,0.0
1499,hydrogen storage - lohc,hydrogen storage - lohc,fixed o&m,EUR_2020/MW/year,lower,2050,0.0
1500,hydrogen storage - lohc,hydrogen storage - lohc,fixed o&m,EUR_2020/MW/year,upper,2020,0.0
1501,hydrogen storage - lohc,hydrogen storage - lohc,fixed o&m,EUR_2020/MW/year,upper,2050,0.0
1502,hydrogen storage - lohc,hydrogen storage - lohc,fixed o&m,EUR_2020/MW/year,control,2015,0.0
1503,hydrogen storage - lohc,hydrogen storage - lohc,fixed o&m,EUR_2020/MW/year,control,2020,0.0
1504,hydrogen storage - lohc,hydrogen storage - lohc,fixed o&m,EUR_2020/MW/year,control,2030,0.0
1505,hydrogen storage - lohc,hydrogen storage - lohc,fixed o&m,EUR_2020/MW/year,control,2040,0.0
1506,hydrogen storage - lohc,hydrogen storage - lohc,fixed o&m,EUR_2020/MW/year,control,2050,0.0
1507,hydrogen storage - lohc,hydrogen storage - lohc,specific investment,EUR_2020/MWh,lower,2020,1000.0
1508,hydrogen storage - lohc,hydrogen storage - lohc,specific investment,EUR_2020/MWh,lower,2050,0.0
1509,hydrogen storage - lohc,hydrogen storage - lohc,specific investment,EUR_2020/MWh,upper,2020,1000.0
1510,hydrogen storage - lohc,hydrogen storage - lohc,specific investment,EUR_2020/MWh,upper,2050,0.0
1511,hydrogen storage - lohc,hydrogen storage - lohc,specific investment,EUR_2020/MWh,control,2015,1000.0
1512,hydrogen storage - lohc,hydrogen storage - lohc,specific investment,EUR_2020/MWh,control,2020,1000.0
1513,hydrogen storage - lohc,hydrogen storage - lohc,specific investment,EUR_2020/MWh,control,2030,1000.0
1514,hydrogen storage - lohc,hydrogen storage - lohc,specific investment,EUR_2020/MWh,control,2040,0.0
1515,hydrogen storage - lohc,hydrogen storage - lohc,specific investment,EUR_2020/MWh,control,2050,0.0
1516,hydrogen storage - lohc,hydrogen storage - lohc,variable o&m,EUR_2020/MWh,lower,2020,0.0
1517,hydrogen storage - lohc,hydrogen storage - lohc,variable o&m,EUR_2020/MWh,lower,2050,0.0
1518,hydrogen storage - lohc,hydrogen storage - lohc,variable o&m,EUR_2020/MWh,upper,2020,0.0
1519,hydrogen storage - lohc,hydrogen storage - lohc,variable o&m,EUR_2020/MWh,upper,2050,0.0
1520,hydrogen storage - lohc,hydrogen storage - lohc,variable o&m,EUR_2020/MWh,control,2015,0.0
1521,hydrogen storage - lohc,hydrogen storage - lohc,variable o&m,EUR_2020/MWh,control,2020,0.0
1522,hydrogen storage - lohc,hydrogen storage - lohc,variable o&m,EUR_2020/MWh,control,2030,0.0
1523,hydrogen storage - lohc,hydrogen storage - lohc,variable o&m,EUR_2020/MWh,control,2040,0.0
1524,hydrogen storage - lohc,hydrogen storage - lohc,variable o&m,EUR_2020/MWh,control,2050,0.0
1535,hydrogen storage - lohc,hydrogen storage - lohc,energy density,kWh/meter**3,lower,2020,1900.0
1536,hydrogen storage - lohc,hydrogen storage - lohc,energy density,kWh/meter**3,lower,2050,1900.0
1537,hydrogen storage - lohc,hydrogen storage - lohc,energy density,kWh/meter**3,upper,2020,1900.0
1538,hydrogen storage - lohc,hydrogen storage - lohc,energy density,kWh/meter**3,upper,2050,1900.0
1539,hydrogen storage - lohc,hydrogen storage - lohc,energy density,kWh/meter**3,control,2015,1900.0
1540,hydrogen storage - lohc,hydrogen storage - lohc,energy density,kWh/meter**3,control,2020,1900.0
1541,hydrogen storage - lohc,hydrogen storage - lohc,energy density,kWh/meter**3,control,2030,1900.0
1542,hydrogen storage - lohc,hydrogen storage - lohc,energy density,kWh/meter**3,control,2040,1900.0
1543,hydrogen storage - lohc,hydrogen storage - lohc,energy density,kWh/meter**3,control,2050,1900.0
1544,hydrogen storage - lohc,hydrogen storage - lohc,specific energy,Wh/kg,lower,2020,2080.0
1545,hydrogen storage - lohc,hydrogen storage - lohc,specific energy,Wh/kg,lower,2050,2080.0
1546,hydrogen storage - lohc,hydrogen storage - lohc,specific energy,Wh/kg,upper,2020,2080.0
1547,hydrogen storage - lohc,hydrogen storage - lohc,specific energy,Wh/kg,upper,2050,2080.0
1548,hydrogen storage - lohc,hydrogen storage - lohc,specific energy,Wh/kg,control,2015,2080.0
1549,hydrogen storage - lohc,hydrogen storage - lohc,specific energy,Wh/kg,control,2020,2080.0
1550,hydrogen storage - lohc,hydrogen storage - lohc,specific energy,Wh/kg,control,2030,2080.0
1551,hydrogen storage - lohc,hydrogen storage - lohc,specific energy,Wh/kg,control,2040,2080.0
1552,hydrogen storage - lohc,hydrogen storage - lohc,specific energy,Wh/kg,control,2050,2080.0
1553,hydrogen storage - caverns,hydrogen storage - caverns,charge efficiency,percent,lower,2020,0.98
1554,hydrogen storage - caverns,hydrogen storage - caverns,charge efficiency,percent,lower,2050,0.99
1555,hydrogen storage - caverns,hydrogen storage - caverns,charge efficiency,percent,upper,2020,0.99
1556,hydrogen storage - caverns,hydrogen storage - caverns,charge efficiency,percent,upper,2050,0.99
1557,hydrogen storage - caverns,hydrogen storage - caverns,charge efficiency,percent,control,2015,0.99
1558,hydrogen storage - caverns,hydrogen storage - caverns,charge efficiency,percent,control,2020,0.99
1559,hydrogen storage - caverns,hydrogen storage - caverns,charge efficiency,percent,control,2030,0.99
1560,hydrogen storage - caverns,hydrogen storage - caverns,charge efficiency,percent,control,2040,0.99
1561,hydrogen storage - caverns,hydrogen storage - caverns,charge efficiency,percent,control,2050,0.99
1562,hydrogen storage - caverns,hydrogen storage - caverns,discharge efficiency,percent,lower,2020,1.0
1563,hydrogen storage - caverns,hydrogen storage - caverns,discharge efficiency,percent,lower,2050,1.0
1564,hydrogen storage - caverns,hydrogen storage - caverns,discharge efficiency,percent,upper,2020,1.0
1565,hydrogen storage - caverns,hydrogen storage - caverns,discharge efficiency,percent,upper,2050,1.0
1566,hydrogen storage - caverns,hydrogen storage - caverns,discharge efficiency,percent,control,2015,1.0
1567,hydrogen storage - caverns,hydrogen storage - caverns,discharge efficiency,percent,control,2020,1.0
1568,hydrogen storage - caverns,hydrogen storage - caverns,discharge efficiency,percent,control,2030,1.0
1569,hydrogen storage - caverns,hydrogen storage - caverns,discharge efficiency,percent,control,2040,1.0
1570,hydrogen storage - caverns,hydrogen storage - caverns,discharge efficiency,percent,control,2050,1.0
1580,hydrogen storage - caverns,hydrogen storage - caverns,auxiliary electricity consumption,percent,lower,2020,0.0
1581,hydrogen storage - caverns,hydrogen storage - caverns,auxiliary electricity consumption,percent,lower,2050,0.0
1582,hydrogen storage - caverns,hydrogen storage - caverns,auxiliary electricity consumption,percent,upper,2020,0.01
1583,hydrogen storage - caverns,hydrogen storage - caverns,auxiliary electricity consumption,percent,upper,2050,0.01
1584,hydrogen storage - caverns,hydrogen storage - caverns,auxiliary electricity consumption,percent,control,2015,0.01
1585,hydrogen storage - caverns,hydrogen storage - caverns,auxiliary electricity consumption,percent,control,2020,0.01
1586,hydrogen storage - caverns,hydrogen storage - caverns,auxiliary electricity consumption,percent,control,2030,0.01
1587,hydrogen storage - caverns,hydrogen storage - caverns,auxiliary electricity consumption,percent,control,2040,0.01
1588,hydrogen storage - caverns,hydrogen storage - caverns,auxiliary electricity consumption,percent,control,2050,0.01
1598,hydrogen storage - caverns,hydrogen storage - caverns,energy losses during storage,percent,lower,2020,0.0
1599,hydrogen storage - caverns,hydrogen storage - caverns,energy losses during storage,percent,lower,2050,0.0
1600,hydrogen storage - caverns,hydrogen storage - caverns,energy losses during storage,percent,upper,2020,0.01
1601,hydrogen storage - caverns,hydrogen storage - caverns,energy losses during storage,percent,upper,2050,0.01
1602,hydrogen storage - caverns,hydrogen storage - caverns,energy losses during storage,percent,control,2015,0.01
1603,hydrogen storage - caverns,hydrogen storage - caverns,energy losses during storage,percent,control,2020,0.01
1604,hydrogen storage - caverns,hydrogen storage - caverns,energy losses during storage,percent,control,2030,0.01
1605,hydrogen storage - caverns,hydrogen storage - caverns,energy losses during storage,percent,control,2040,0.01
1606,hydrogen storage - caverns,hydrogen storage - caverns,energy losses during storage,percent,control,2050,0.01
1607,hydrogen storage - caverns,hydrogen storage - caverns,energy storage capacity for one unit,MWh,lower,2020,150000.0
1608,hydrogen storage - caverns,hydrogen storage - caverns,energy storage capacity for one unit,MWh,lower,2050,150000.0
1609,hydrogen storage - caverns,hydrogen storage - caverns,energy storage capacity for one unit,MWh,upper,2020,150000.0
1610,hydrogen storage - caverns,hydrogen storage - caverns,energy storage capacity for one unit,MWh,upper,2050,150000.0
1611,hydrogen storage - caverns,hydrogen storage - caverns,energy storage capacity for one unit,MWh,control,2015,150000.0
1612,hydrogen storage - caverns,hydrogen storage - caverns,energy storage capacity for one unit,MWh,control,2020,150000.0
1613,hydrogen storage - caverns,hydrogen storage - caverns,energy storage capacity for one unit,MWh,control,2030,150000.0
1614,hydrogen storage - caverns,hydrogen storage - caverns,energy storage capacity for one unit,MWh,control,2040,150000.0
1615,hydrogen storage - caverns,hydrogen storage - caverns,energy storage capacity for one unit,MWh,control,2050,150000.0
1616,hydrogen storage - caverns,hydrogen storage - caverns,forced outage,percent,lower,2020,0.0
1617,hydrogen storage - caverns,hydrogen storage - caverns,forced outage,percent,lower,2050,0.0
1618,hydrogen storage - caverns,hydrogen storage - caverns,forced outage,percent,upper,2020,0.0
1619,hydrogen storage - caverns,hydrogen storage - caverns,forced outage,percent,upper,2050,0.0
1620,hydrogen storage - caverns,hydrogen storage - caverns,forced outage,percent,control,2015,0.0
1621,hydrogen storage - caverns,hydrogen storage - caverns,forced outage,percent,control,2020,0.0
1622,hydrogen storage - caverns,hydrogen storage - caverns,forced outage,percent,control,2030,0.0
1623,hydrogen storage - caverns,hydrogen storage - caverns,forced outage,percent,control,2040,0.0
1624,hydrogen storage - caverns,hydrogen storage - caverns,forced outage,percent,control,2050,0.0
1634,hydrogen storage - caverns,hydrogen storage - caverns,input capacity for one unit,MW,lower,2020,150.0
1635,hydrogen storage - caverns,hydrogen storage - caverns,input capacity for one unit,MW,lower,2050,150.0
1636,hydrogen storage - caverns,hydrogen storage - caverns,input capacity for one unit,MW,upper,2020,150.0
1637,hydrogen storage - caverns,hydrogen storage - caverns,input capacity for one unit,MW,upper,2050,150.0
1638,hydrogen storage - caverns,hydrogen storage - caverns,input capacity for one unit,MW,control,2015,180.0
1639,hydrogen storage - caverns,hydrogen storage - caverns,input capacity for one unit,MW,control,2020,175.0
1640,hydrogen storage - caverns,hydrogen storage - caverns,input capacity for one unit,MW,control,2030,170.0
1641,hydrogen storage - caverns,hydrogen storage - caverns,input capacity for one unit,MW,control,2040,150.0
1642,hydrogen storage - caverns,hydrogen storage - caverns,input capacity for one unit,MW,control,2050,150.0
1661,hydrogen storage - caverns,hydrogen storage - caverns,round trip efficiency,percent,lower,2020,0.99
1662,hydrogen storage - caverns,hydrogen storage - caverns,round trip efficiency,percent,lower,2050,0.99
1663,hydrogen storage - caverns,hydrogen storage - caverns,round trip efficiency,percent,upper,2020,0.99
1664,hydrogen storage - caverns,hydrogen storage - caverns,round trip efficiency,percent,upper,2050,0.99
1665,hydrogen storage - caverns,hydrogen storage - caverns,round trip efficiency,percent,control,2015,0.99
1666,hydrogen storage - caverns,hydrogen storage - caverns,round trip efficiency,percent,control,2020,0.99
1667,hydrogen storage - caverns,hydrogen storage - caverns,round trip efficiency,percent,control,2030,0.99
1668,hydrogen storage - caverns,hydrogen storage - caverns,round trip efficiency,percent,control,2040,0.99
1669,hydrogen storage - caverns,hydrogen storage - caverns,round trip efficiency,percent,control,2050,0.99
1670,hydrogen storage - caverns,hydrogen storage - caverns,technical lifetime,years,lower,2020,100.0
1671,hydrogen storage - caverns,hydrogen storage - caverns,technical lifetime,years,lower,2050,100.0
1672,hydrogen storage - caverns,hydrogen storage - caverns,technical lifetime,years,upper,2020,100.0
1673,hydrogen storage - caverns,hydrogen storage - caverns,technical lifetime,years,upper,2050,100.0
1674,hydrogen storage - caverns,hydrogen storage - caverns,technical lifetime,years,control,2015,100.0
1675,hydrogen storage - caverns,hydrogen storage - caverns,technical lifetime,years,control,2020,100.0
1676,hydrogen storage - caverns,hydrogen storage - caverns,technical lifetime,years,control,2030,100.0
1677,hydrogen storage - caverns,hydrogen storage - caverns,technical lifetime,years,control,2040,100.0
1678,hydrogen storage - caverns,hydrogen storage - caverns,technical lifetime,years,control,2050,100.0
1679,hydrogen storage - caverns,hydrogen storage - caverns,hereof equipment,EUR_2020/MWh,lower,2020,1000.0
1680,hydrogen storage - caverns,hydrogen storage - caverns,hereof equipment,EUR_2020/MWh,lower,2050,1000.0
1681,hydrogen storage - caverns,hydrogen storage - caverns,hereof equipment,EUR_2020/MWh,upper,2020,1000.0
1682,hydrogen storage - caverns,hydrogen storage - caverns,hereof equipment,EUR_2020/MWh,upper,2050,1000.0
1683,hydrogen storage - caverns,hydrogen storage - caverns,hereof equipment,EUR_2020/MWh,control,2015,1000.0
1684,hydrogen storage - caverns,hydrogen storage - caverns,hereof equipment,EUR_2020/MWh,control,2020,1000.0
1685,hydrogen storage - caverns,hydrogen storage - caverns,hereof equipment,EUR_2020/MWh,control,2030,1000.0
1686,hydrogen storage - caverns,hydrogen storage - caverns,hereof equipment,EUR_2020/MWh,control,2040,1000.0
1687,hydrogen storage - caverns,hydrogen storage - caverns,hereof equipment,EUR_2020/MWh,control,2050,0.0
1688,hydrogen storage - caverns,hydrogen storage - caverns,hereof installation,EUR_2020/MWh,lower,2020,2000.0
1689,hydrogen storage - caverns,hydrogen storage - caverns,hereof installation,EUR_2020/MWh,lower,2050,2000.0
1690,hydrogen storage - caverns,hydrogen storage - caverns,hereof installation,EUR_2020/MWh,upper,2020,2000.0
1691,hydrogen storage - caverns,hydrogen storage - caverns,hereof installation,EUR_2020/MWh,upper,2050,2000.0
1692,hydrogen storage - caverns,hydrogen storage - caverns,hereof installation,EUR_2020/MWh,control,2015,2000.0
1693,hydrogen storage - caverns,hydrogen storage - caverns,hereof installation,EUR_2020/MWh,control,2020,2000.0
1694,hydrogen storage - caverns,hydrogen storage - caverns,hereof installation,EUR_2020/MWh,control,2030,1000.0
1695,hydrogen storage - caverns,hydrogen storage - caverns,hereof installation,EUR_2020/MWh,control,2040,1000.0
1696,hydrogen storage - caverns,hydrogen storage - caverns,hereof installation,EUR_2020/MWh,control,2050,1000.0
1697,hydrogen storage - caverns,hydrogen storage - caverns,fixed o&m,EUR_2020/MW/year,lower,2020,0.0
1698,hydrogen storage - caverns,hydrogen storage - caverns,fixed o&m,EUR_2020/MW/year,lower,2050,0.0
1699,hydrogen storage - caverns,hydrogen storage - caverns,fixed o&m,EUR_2020/MW/year,upper,2020,0.0
1700,hydrogen storage - caverns,hydrogen storage - caverns,fixed o&m,EUR_2020/MW/year,upper,2050,0.0
1701,hydrogen storage - caverns,hydrogen storage - caverns,fixed o&m,EUR_2020/MW/year,control,2015,0.0
1702,hydrogen storage - caverns,hydrogen storage - caverns,fixed o&m,EUR_2020/MW/year,control,2020,0.0
1703,hydrogen storage - caverns,hydrogen storage - caverns,fixed o&m,EUR_2020/MW/year,control,2030,0.0
1704,hydrogen storage - caverns,hydrogen storage - caverns,fixed o&m,EUR_2020/MW/year,control,2040,0.0
1705,hydrogen storage - caverns,hydrogen storage - caverns,fixed o&m,EUR_2020/MW/year,control,2050,0.0
1706,hydrogen storage - caverns,hydrogen storage - caverns,specific investment,EUR_2020/MWh,lower,2020,3000.0
1707,hydrogen storage - caverns,hydrogen storage - caverns,specific investment,EUR_2020/MWh,lower,2050,2000.0
1708,hydrogen storage - caverns,hydrogen storage - caverns,specific investment,EUR_2020/MWh,upper,2020,3000.0
1709,hydrogen storage - caverns,hydrogen storage - caverns,specific investment,EUR_2020/MWh,upper,2050,1000.0
1710,hydrogen storage - caverns,hydrogen storage - caverns,specific investment,EUR_2020/MWh,control,2015,3000.0
1711,hydrogen storage - caverns,hydrogen storage - caverns,specific investment,EUR_2020/MWh,control,2020,3000.0
1712,hydrogen storage - caverns,hydrogen storage - caverns,specific investment,EUR_2020/MWh,control,2030,2000.0
1713,hydrogen storage - caverns,hydrogen storage - caverns,specific investment,EUR_2020/MWh,control,2040,2000.0
1714,hydrogen storage - caverns,hydrogen storage - caverns,specific investment,EUR_2020/MWh,control,2050,1000.0
1715,hydrogen storage - caverns,hydrogen storage - caverns,variable o&m,EUR_2020/MWh,lower,2020,0.0
1716,hydrogen storage - caverns,hydrogen storage - caverns,variable o&m,EUR_2020/MWh,lower,2050,0.0
1717,hydrogen storage - caverns,hydrogen storage - caverns,variable o&m,EUR_2020/MWh,upper,2020,0.0
1718,hydrogen storage - caverns,hydrogen storage - caverns,variable o&m,EUR_2020/MWh,upper,2050,0.0
1719,hydrogen storage - caverns,hydrogen storage - caverns,variable o&m,EUR_2020/MWh,control,2015,0.0
1720,hydrogen storage - caverns,hydrogen storage - caverns,variable o&m,EUR_2020/MWh,control,2020,0.0
1721,hydrogen storage - caverns,hydrogen storage - caverns,variable o&m,EUR_2020/MWh,control,2030,0.0
1722,hydrogen storage - caverns,hydrogen storage - caverns,variable o&m,EUR_2020/MWh,control,2040,0.0
1723,hydrogen storage - caverns,hydrogen storage - caverns,variable o&m,EUR_2020/MWh,control,2050,0.0
1724,hydrogen storage - caverns,hydrogen storage - caverns,primary regulation,percent,lower,2020,3.3
1725,hydrogen storage - caverns,hydrogen storage - caverns,primary regulation,percent,lower,2050,3.3
1726,hydrogen storage - caverns,hydrogen storage - caverns,primary regulation,percent,upper,2020,3.3
1727,hydrogen storage - caverns,hydrogen storage - caverns,primary regulation,percent,upper,2050,3.3
1728,hydrogen storage - caverns,hydrogen storage - caverns,primary regulation,percent,control,2015,3.3
1729,hydrogen storage - caverns,hydrogen storage - caverns,primary regulation,percent,control,2020,3.3
1730,hydrogen storage - caverns,hydrogen storage - caverns,primary regulation,percent,control,2030,3.3
1731,hydrogen storage - caverns,hydrogen storage - caverns,primary regulation,percent,control,2040,3.3
1732,hydrogen storage - caverns,hydrogen storage - caverns,primary regulation,percent,control,2050,3.3
1733,hydrogen storage - caverns,hydrogen storage - caverns,secondary regulation,percent/minute,lower,2020,6.7
1734,hydrogen storage - caverns,hydrogen storage - caverns,secondary regulation,percent/minute,lower,2050,6.7
1735,hydrogen storage - caverns,hydrogen storage - caverns,secondary regulation,percent/minute,upper,2020,6.7
1736,hydrogen storage - caverns,hydrogen storage - caverns,secondary regulation,percent/minute,upper,2050,6.7
1737,hydrogen storage - caverns,hydrogen storage - caverns,secondary regulation,percent/minute,control,2015,6.7
1738,hydrogen storage - caverns,hydrogen storage - caverns,secondary regulation,percent/minute,control,2020,6.7
1739,hydrogen storage - caverns,hydrogen storage - caverns,secondary regulation,percent/minute,control,2030,6.7
1740,hydrogen storage - caverns,hydrogen storage - caverns,secondary regulation,percent/minute,control,2040,6.7
1741,hydrogen storage - caverns,hydrogen storage - caverns,secondary regulation,percent/minute,control,2050,6.7
1742,hydrogen storage - caverns,hydrogen storage - caverns,gravimetric energy density,Wh/kg,lower,2020,33.3
1743,hydrogen storage - caverns,hydrogen storage - caverns,gravimetric energy density,Wh/kg,lower,2050,33.3
1744,hydrogen storage - caverns,hydrogen storage - caverns,gravimetric energy density,Wh/kg,upper,2020,33.3
1745,hydrogen storage - caverns,hydrogen storage - caverns,gravimetric energy density,Wh/kg,upper,2050,33.3
1746,hydrogen storage - caverns,hydrogen storage - caverns,gravimetric energy density,Wh/kg,control,2015,33.3
1747,hydrogen storage - caverns,hydrogen storage - caverns,gravimetric energy density,Wh/kg,control,2020,33.3
1748,hydrogen storage - caverns,hydrogen storage - caverns,gravimetric energy density,Wh/kg,control,2030,33.3
1749,hydrogen storage - caverns,hydrogen storage - caverns,gravimetric energy density,Wh/kg,control,2040,33.3
1750,hydrogen storage - caverns,hydrogen storage - caverns,gravimetric energy density,Wh/kg,control,2050,33.3
1760,pumped hydro storage,pumped hydro storage,construction time,years,lower,2020,2.0
1761,pumped hydro storage,pumped hydro storage,construction time,years,lower,2050,2.0
1762,pumped hydro storage,pumped hydro storage,construction time,years,upper,2020,3.0
1763,pumped hydro storage,pumped hydro storage,construction time,years,upper,2050,3.0
1764,pumped hydro storage,pumped hydro storage,construction time,years,control,2015,2.5
1765,pumped hydro storage,pumped hydro storage,construction time,years,control,2020,2.5
1766,pumped hydro storage,pumped hydro storage,construction time,years,control,2030,2.5
1767,pumped hydro storage,pumped hydro storage,construction time,years,control,2050,2.5
1776,pumped hydro storage,pumped hydro storage,generating capacity for one unit,MW,lower,2020,10.0
1777,pumped hydro storage,pumped hydro storage,generating capacity for one unit,MW,lower,2050,10.0
1778,pumped hydro storage,pumped hydro storage,generating capacity for one unit,MW,upper,2020,1000.0
1779,pumped hydro storage,pumped hydro storage,generating capacity for one unit,MW,upper,2050,1000.0
1780,pumped hydro storage,pumped hydro storage,generating capacity for one unit,MW,control,2015,500.0
1781,pumped hydro storage,pumped hydro storage,generating capacity for one unit,MW,control,2020,500.0
1782,pumped hydro storage,pumped hydro storage,generating capacity for one unit,MW,control,2030,500.0
1783,pumped hydro storage,pumped hydro storage,generating capacity for one unit,MW,control,2050,500.0
1784,pumped hydro storage,pumped hydro storage,technical lifetime,years,control,2015,50.0
1785,pumped hydro storage,pumped hydro storage,technical lifetime,years,control,2020,50.0
1786,pumped hydro storage,pumped hydro storage,technical lifetime,years,control,2030,50.0
1787,pumped hydro storage,pumped hydro storage,technical lifetime,years,control,2050,50.0
1788,pumped hydro storage,pumped hydro storage,total efficiency net,percent,lower,2020,70.0
1789,pumped hydro storage,pumped hydro storage,total efficiency net,percent,lower,2050,70.0
1790,pumped hydro storage,pumped hydro storage,total efficiency net,percent,upper,2020,80.0
1791,pumped hydro storage,pumped hydro storage,total efficiency net,percent,upper,2050,80.0
1792,pumped hydro storage,pumped hydro storage,total efficiency net,percent,control,2015,75.0
1793,pumped hydro storage,pumped hydro storage,total efficiency net,percent,control,2020,75.0
1794,pumped hydro storage,pumped hydro storage,total efficiency net,percent,control,2030,75.0
1795,pumped hydro storage,pumped hydro storage,total efficiency net,percent,control,2050,75.0
1796,pumped hydro storage,pumped hydro storage,fixed o&m,EUR_2020/MW/year,lower,2020,6380.4
1797,pumped hydro storage,pumped hydro storage,fixed o&m,EUR_2020/MW/year,lower,2050,6380.4
1798,pumped hydro storage,pumped hydro storage,fixed o&m,EUR_2020/MW/year,upper,2020,12760.8
1799,pumped hydro storage,pumped hydro storage,fixed o&m,EUR_2020/MW/year,upper,2050,12760.8
1800,pumped hydro storage,pumped hydro storage,fixed o&m,EUR_2020/MW/year,control,2015,8507.2
1801,pumped hydro storage,pumped hydro storage,fixed o&m,EUR_2020/MW/year,control,2020,8507.2
1802,pumped hydro storage,pumped hydro storage,fixed o&m,EUR_2020/MW/year,control,2030,8507.2
1803,pumped hydro storage,pumped hydro storage,fixed o&m,EUR_2020/MW/year,control,2050,8507.2
1804,pumped hydro storage,pumped hydro storage,"investment, pump part",EUR_2020/MW,lower,2020,0.0
1805,pumped hydro storage,pumped hydro storage,"investment, pump part",EUR_2020/MW,lower,2050,0.0
1806,pumped hydro storage,pumped hydro storage,"investment, pump part",EUR_2020/MW,upper,2020,0.0
1807,pumped hydro storage,pumped hydro storage,"investment, pump part",EUR_2020/MW,upper,2050,0.0
1808,pumped hydro storage,pumped hydro storage,"investment, pump part",EUR_2020/MW,control,2015,638000.0
1809,pumped hydro storage,pumped hydro storage,"investment, pump part",EUR_2020/MW,control,2020,638000.0
1810,pumped hydro storage,pumped hydro storage,"investment, pump part",EUR_2020/MW,control,2030,638000.0
1811,pumped hydro storage,pumped hydro storage,"investment, pump part",EUR_2020/MW,control,2050,638000.0
1812,pumped hydro storage,pumped hydro storage,"investment, total, greenfield plant",EUR_2020/MW,lower,2020,0.0
1813,pumped hydro storage,pumped hydro storage,"investment, total, greenfield plant",EUR_2020/MW,lower,2050,0.0
1814,pumped hydro storage,pumped hydro storage,"investment, total, greenfield plant",EUR_2020/MW,upper,2020,0.0
1815,pumped hydro storage,pumped hydro storage,"investment, total, greenfield plant",EUR_2020/MW,upper,2050,0.0
1816,pumped hydro storage,pumped hydro storage,"investment, total, greenfield plant",EUR_2020/MW,control,2015,4254000.0
1817,pumped hydro storage,pumped hydro storage,"investment, total, greenfield plant",EUR_2020/MW,control,2020,4254000.0
1818,pumped hydro storage,pumped hydro storage,"investment, total, greenfield plant",EUR_2020/MW,control,2030,4254000.0
1819,pumped hydro storage,pumped hydro storage,"investment, total, greenfield plant",EUR_2020/MW,control,2050,4254000.0
1820,pumped hydro storage,pumped hydro storage,variable o&m,EUR_2020/MWh,lower,2020,0.0
1821,pumped hydro storage,pumped hydro storage,variable o&m,EUR_2020/MWh,lower,2050,0.0
1822,pumped hydro storage,pumped hydro storage,variable o&m,EUR_2020/MWh,upper,2020,0.0
1823,pumped hydro storage,pumped hydro storage,variable o&m,EUR_2020/MWh,upper,2050,0.0
1824,pumped hydro storage,pumped hydro storage,variable o&m,EUR_2020/MWh,control,2015,0.0
1825,pumped hydro storage,pumped hydro storage,variable o&m,EUR_2020/MWh,control,2020,0.0
1826,pumped hydro storage,pumped hydro storage,variable o&m,EUR_2020/MWh,control,2030,0.0
1827,pumped hydro storage,pumped hydro storage,variable o&m,EUR_2020/MWh,control,2050,0.0
1828,caes,compressed air energy storage,charge efficiency,percent,lower,2020,80.0
1829,caes,compressed air energy storage,charge efficiency,percent,lower,2050,80.0
1830,caes,compressed air energy storage,charge efficiency,percent,upper,2020,80.0
1831,caes,compressed air energy storage,charge efficiency,percent,upper,2050,85.0
1832,caes,compressed air energy storage,charge efficiency,percent,control,2015,80.0
1833,caes,compressed air energy storage,charge efficiency,percent,control,2020,80.0
1834,caes,compressed air energy storage,charge efficiency,percent,control,2030,84.0
1835,caes,compressed air energy storage,charge efficiency,percent,control,2050,85.0
1836,caes,compressed air energy storage,discharge efficiency,percent,lower,2020,69.0
1837,caes,compressed air energy storage,discharge efficiency,percent,lower,2050,80.0
1838,caes,compressed air energy storage,discharge efficiency,percent,upper,2020,69.0
1839,caes,compressed air energy storage,discharge efficiency,percent,upper,2050,85.0
1840,caes,compressed air energy storage,discharge efficiency,percent,control,2015,69.0
1841,caes,compressed air energy storage,discharge efficiency,percent,control,2020,80.0
1842,caes,compressed air energy storage,discharge efficiency,percent,control,2030,84.0
1843,caes,compressed air energy storage,discharge efficiency,percent,control,2050,85.0
1856,caes,compressed air energy storage,construction time,years,lower,2020,2.0
1857,caes,compressed air energy storage,construction time,years,lower,2050,2.0
1858,caes,compressed air energy storage,construction time,years,upper,2020,3.0
1859,caes,compressed air energy storage,construction time,years,upper,2050,3.0
1860,caes,compressed air energy storage,construction time,years,control,2015,2.5
1861,caes,compressed air energy storage,construction time,years,control,2020,2.5
1862,caes,compressed air energy storage,construction time,years,control,2030,2.5
1863,caes,compressed air energy storage,construction time,years,control,2050,2.5
1864,caes,compressed air energy storage,energy losses during storage,percent,lower,2020,0.0
1865,caes,compressed air energy storage,energy losses during storage,percent,lower,2050,0.0
1866,caes,compressed air energy storage,energy losses during storage,percent,upper,2020,0.0
1867,caes,compressed air energy storage,energy losses during storage,percent,upper,2050,0.0
1868,caes,compressed air energy storage,energy losses during storage,percent,control,2015,0.1
1869,caes,compressed air energy storage,energy losses during storage,percent,control,2020,0.0
1870,caes,compressed air energy storage,energy losses during storage,percent,control,2030,0.0
1871,caes,compressed air energy storage,energy losses during storage,percent,control,2050,0.0
1873,caes,compressed air energy storage,energy storage capacity for one unit,MWh,lower,2050,3000.0
1875,caes,compressed air energy storage,energy storage capacity for one unit,MWh,upper,2050,10000.0
1876,caes,compressed air energy storage,energy storage capacity for one unit,MWh,control,2015,3000.0
1877,caes,compressed air energy storage,energy storage capacity for one unit,MWh,control,2020,3000.0
1878,caes,compressed air energy storage,energy storage capacity for one unit,MWh,control,2030,3000.0
1879,caes,compressed air energy storage,energy storage capacity for one unit,MWh,control,2050,3000.0
1881,caes,compressed air energy storage,forced outage,percent,lower,2050,2.0
1883,caes,compressed air energy storage,forced outage,percent,upper,2050,4.0
1884,caes,compressed air energy storage,forced outage,percent,control,2015,5.0
1885,caes,compressed air energy storage,forced outage,percent,control,2020,5.0
1886,caes,compressed air energy storage,forced outage,percent,control,2030,4.0
1887,caes,compressed air energy storage,forced outage,percent,control,2050,4.0
1897,caes,compressed air energy storage,input capacity for one unit,MW,lower,2050,60.0
1899,caes,compressed air energy storage,input capacity for one unit,MW,upper,2050,80.0
1900,caes,compressed air energy storage,input capacity for one unit,MW,control,2015,60.0
1901,caes,compressed air energy storage,input capacity for one unit,MW,control,2020,60.0
1902,caes,compressed air energy storage,input capacity for one unit,MW,control,2030,60.0
1903,caes,compressed air energy storage,input capacity for one unit,MW,control,2050,60.0
1905,caes,compressed air energy storage,output capacity for one unit,MW,lower,2050,300.0
1907,caes,compressed air energy storage,output capacity for one unit,MW,upper,2050,500.0
1908,caes,compressed air energy storage,output capacity for one unit,MW,control,2015,300.0
1909,caes,compressed air energy storage,output capacity for one unit,MW,control,2020,300.0
1910,caes,compressed air energy storage,output capacity for one unit,MW,control,2030,300.0
1911,caes,compressed air energy storage,output capacity for one unit,MW,control,2050,300.0
1913,caes,compressed air energy storage,planned outage,weeks/year,lower,2050,2.0
1915,caes,compressed air energy storage,planned outage,weeks/year,upper,2050,3.0
1916,caes,compressed air energy storage,planned outage,weeks/year,control,2015,5.0
1917,caes,compressed air energy storage,planned outage,weeks/year,control,2020,5.0
1918,caes,compressed air energy storage,planned outage,weeks/year,control,2030,4.0
1919,caes,compressed air energy storage,planned outage,weeks/year,control,2050,3.0
1920,caes,compressed air energy storage,round trip efficiency,percent,lower,2020,55.0
1921,caes,compressed air energy storage,round trip efficiency,percent,lower,2050,64.0
1922,caes,compressed air energy storage,round trip efficiency,percent,upper,2020,55.0
1923,caes,compressed air energy storage,round trip efficiency,percent,upper,2050,72.0
1924,caes,compressed air energy storage,round trip efficiency,percent,control,2015,55.0
1925,caes,compressed air energy storage,round trip efficiency,percent,control,2020,60.0
1926,caes,compressed air energy storage,round trip efficiency,percent,control,2030,70.0
1927,caes,compressed air energy storage,round trip efficiency,percent,control,2050,72.0
1928,caes,compressed air energy storage,technical lifetime,years,lower,2020,35.0
1929,caes,compressed air energy storage,technical lifetime,years,lower,2050,35.0
1930,caes,compressed air energy storage,technical lifetime,years,upper,2020,45.0
1931,caes,compressed air energy storage,technical lifetime,years,upper,2050,45.0
1932,caes,compressed air energy storage,technical lifetime,years,control,2015,40.0
1933,caes,compressed air energy storage,technical lifetime,years,control,2020,40.0
1934,caes,compressed air energy storage,technical lifetime,years,control,2030,40.0
1935,caes,compressed air energy storage,technical lifetime,years,control,2050,40.0
1936,caes,compressed air energy storage,capacity component,EUR_2020/MW,lower,2020,319000.0
1937,caes,compressed air energy storage,capacity component,EUR_2020/MW,lower,2050,319000.0
1938,caes,compressed air energy storage,capacity component,EUR_2020/MW,upper,2020,1276000.0
1939,caes,compressed air energy storage,capacity component,EUR_2020/MW,upper,2050,1276000.0
1940,caes,compressed air energy storage,capacity component,EUR_2020/MW,control,2015,638000.0
1941,caes,compressed air energy storage,capacity component,EUR_2020/MW,control,2020,638000.0
1942,caes,compressed air energy storage,capacity component,EUR_2020/MW,control,2030,957000.0
1943,caes,compressed air energy storage,capacity component,EUR_2020/MW,control,2050,957000.0
1944,caes,compressed air energy storage,energy component,EUR_2020/MWh,lower,2020,2000.0
1945,caes,compressed air energy storage,energy component,EUR_2020/MWh,lower,2050,2000.0
1946,caes,compressed air energy storage,energy component,EUR_2020/MWh,upper,2020,11000.0
1947,caes,compressed air energy storage,energy component,EUR_2020/MWh,upper,2050,11000.0
1948,caes,compressed air energy storage,energy component,EUR_2020/MWh,control,2015,2000.0
1949,caes,compressed air energy storage,energy component,EUR_2020/MWh,control,2020,2000.0
1950,caes,compressed air energy storage,energy component,EUR_2020/MWh,control,2030,2000.0
1951,caes,compressed air energy storage,energy component,EUR_2020/MWh,control,2050,2000.0
1952,caes,compressed air energy storage,other project costs,EUR_2020/MWh,lower,2020,85000.0
1953,caes,compressed air energy storage,other project costs,EUR_2020/MWh,lower,2050,85000.0
1954,caes,compressed air energy storage,other project costs,EUR_2020/MWh,upper,2020,96000.0
1955,caes,compressed air energy storage,other project costs,EUR_2020/MWh,upper,2050,96000.0
1956,caes,compressed air energy storage,other project costs,EUR_2020/MWh,control,2015,90000.0
1957,caes,compressed air energy storage,other project costs,EUR_2020/MWh,control,2020,90000.0
1958,caes,compressed air energy storage,other project costs,EUR_2020/MWh,control,2030,90000.0
1959,caes,compressed air energy storage,other project costs,EUR_2020/MWh,control,2050,90000.0
1960,caes,compressed air energy storage,fixed o&m,EUR_2020/MW/year,lower,2020,2126.8
1961,caes,compressed air energy storage,fixed o&m,EUR_2020/MW/year,lower,2050,2126.8
1962,caes,compressed air energy storage,fixed o&m,EUR_2020/MW/year,upper,2020,4253.6
1963,caes,compressed air energy storage,fixed o&m,EUR_2020/MW/year,upper,2050,4253.6
1964,caes,compressed air energy storage,fixed o&m,EUR_2020/MW/year,control,2015,2615.964
1965,caes,compressed air energy storage,fixed o&m,EUR_2020/MW/year,control,2020,2615.964
1966,caes,compressed air energy storage,fixed o&m,EUR_2020/MW/year,control,2030,2615.964
1967,caes,compressed air energy storage,fixed o&m,EUR_2020/MW/year,control,2050,2615.964
1968,caes,compressed air energy storage,specific investment,EUR_2020/MWh,lower,2020,319000.0
1969,caes,compressed air energy storage,specific investment,EUR_2020/MWh,lower,2050,425000.0
1970,caes,compressed air energy storage,specific investment,EUR_2020/MWh,upper,2020,1276000.0
1971,caes,compressed air energy storage,specific investment,EUR_2020/MWh,upper,2050,2127000.0
1972,caes,compressed air energy storage,specific investment,EUR_2020/MWh,control,2015,691000.0
1973,caes,compressed air energy storage,specific investment,EUR_2020/MWh,control,2020,691000.0
1974,caes,compressed air energy storage,specific investment,EUR_2020/MWh,control,2030,1063000.0
1975,caes,compressed air energy storage,specific investment,EUR_2020/MWh,control,2050,851000.0
1976,caes,compressed air energy storage,variable o&m,EUR_2020/MWh,lower,2020,2.127
1977,caes,compressed air energy storage,variable o&m,EUR_2020/MWh,lower,2050,2.127
1978,caes,compressed air energy storage,variable o&m,EUR_2020/MWh,upper,2020,3.19
1979,caes,compressed air energy storage,variable o&m,EUR_2020/MWh,upper,2050,3.19
1980,caes,compressed air energy storage,variable o&m,EUR_2020/MWh,control,2015,2.616
1981,caes,compressed air energy storage,variable o&m,EUR_2020/MWh,control,2020,2.616
1982,caes,compressed air energy storage,variable o&m,EUR_2020/MWh,control,2030,2.616
1983,caes,compressed air energy storage,variable o&m,EUR_2020/MWh,control,2050,2.616
1988,caes,compressed air energy storage,idle to full discharge,sec,lower,2020,500.0
1989,caes,compressed air energy storage,idle to full discharge,sec,lower,2050,800.0
1990,caes,compressed air energy storage,idle to full discharge,sec,upper,2020,1000.0
1991,caes,compressed air energy storage,idle to full discharge,sec,upper,2050,1200.0
1992,caes,compressed air energy storage,idle to full discharge,sec,control,2015,700.0
1993,caes,compressed air energy storage,idle to full discharge,sec,control,2020,700.0
1994,caes,compressed air energy storage,idle to full discharge,sec,control,2030,1000.0
1995,caes,compressed air energy storage,idle to full discharge,sec,control,2050,1000.0
1997,caes,compressed air energy storage,specific investment,EUR_2020/kW,lower,2050,584.87
1999,caes,compressed air energy storage,specific investment,EUR_2020/kW,upper,2050,680.576
2000,caes,compressed air energy storage,specific investment,EUR_2020/kW,control,2015,680.576
2001,caes,compressed air energy storage,specific investment,EUR_2020/kW,control,2020,680.576
2002,caes,compressed air energy storage,specific investment,EUR_2020/kW,control,2030,680.576
2003,caes,compressed air energy storage,specific investment,EUR_2020/kW,control,2050,680.576
2004,flywheels,flywheels,charge efficiency,percent,lower,2020,99.0
2005,flywheels,flywheels,charge efficiency,percent,lower,2050,99.0
2006,flywheels,flywheels,charge efficiency,percent,upper,2020,99.5
2007,flywheels,flywheels,charge efficiency,percent,upper,2050,99.5
2008,flywheels,flywheels,charge efficiency,percent,control,2018,99.0
2009,flywheels,flywheels,charge efficiency,percent,control,2020,99.0
2010,flywheels,flywheels,charge efficiency,percent,control,2030,99.0
2011,flywheels,flywheels,charge efficiency,percent,control,2050,99.0
2012,flywheels,flywheels,discharge efficiency,percent,lower,2020,99.0
2013,flywheels,flywheels,discharge efficiency,percent,lower,2050,99.0
2014,flywheels,flywheels,discharge efficiency,percent,upper,2020,99.5
2015,flywheels,flywheels,discharge efficiency,percent,upper,2050,99.5
2016,flywheels,flywheels,discharge efficiency,percent,control,2018,99.0
2017,flywheels,flywheels,discharge efficiency,percent,control,2020,99.0
2018,flywheels,flywheels,discharge efficiency,percent,control,2030,99.0
2019,flywheels,flywheels,discharge efficiency,percent,control,2050,99.0
2028,flywheels,flywheels,auxiliary electricity consumption,percent,control,2018,0.0
2029,flywheels,flywheels,construction time,years,lower,2020,0.25
2030,flywheels,flywheels,construction time,years,lower,2050,0.25
2031,flywheels,flywheels,construction time,years,upper,2020,0.25
2032,flywheels,flywheels,construction time,years,upper,2050,0.25
2033,flywheels,flywheels,construction time,years,control,2018,0.5
2034,flywheels,flywheels,construction time,years,control,2020,0.25
2035,flywheels,flywheels,construction time,years,control,2030,0.25
2036,flywheels,flywheels,construction time,years,control,2050,0.25
2037,flywheels,flywheels,energy losses during storage,percent/day,lower,2020,2.0
2038,flywheels,flywheels,energy losses during storage,percent/day,lower,2050,0.5
2039,flywheels,flywheels,energy losses during storage,percent/day,upper,2020,5.0
2040,flywheels,flywheels,energy losses during storage,percent/day,upper,2050,1.5
2041,flywheels,flywheels,energy losses during storage,percent/day,control,2018,5.0
2042,flywheels,flywheels,energy losses during storage,percent/day,control,2020,3.0
2043,flywheels,flywheels,energy losses during storage,percent/day,control,2030,1.0
2044,flywheels,flywheels,energy losses during storage,percent/day,control,2050,1.0
2045,flywheels,flywheels,energy storage capacity for one unit,MWh,lower,2020,0.1
2046,flywheels,flywheels,energy storage capacity for one unit,MWh,lower,2050,0.1
2047,flywheels,flywheels,energy storage capacity for one unit,MWh,upper,2020,0.1
2048,flywheels,flywheels,energy storage capacity for one unit,MWh,upper,2050,0.15
2049,flywheels,flywheels,energy storage capacity for one unit,MWh,control,2018,0.1
2050,flywheels,flywheels,energy storage capacity for one unit,MWh,control,2020,0.1
2051,flywheels,flywheels,energy storage capacity for one unit,MWh,control,2030,0.1
2052,flywheels,flywheels,energy storage capacity for one unit,MWh,control,2050,0.1
2053,flywheels,flywheels,forced outage,percent,control,2018,0.0
2062,flywheels,flywheels,input capacity for one unit,MW,lower,2020,1.0
2063,flywheels,flywheels,input capacity for one unit,MW,lower,2050,1.0
2064,flywheels,flywheels,input capacity for one unit,MW,upper,2020,1.0
2065,flywheels,flywheels,input capacity for one unit,MW,upper,2050,1.5
2066,flywheels,flywheels,input capacity for one unit,MW,control,2018,1.0
2067,flywheels,flywheels,input capacity for one unit,MW,control,2020,1.0
2068,flywheels,flywheels,input capacity for one unit,MW,control,2030,1.0
2069,flywheels,flywheels,input capacity for one unit,MW,control,2050,1.0
2070,flywheels,flywheels,output capacity for one unit,MW,lower,2020,1.0
2071,flywheels,flywheels,output capacity for one unit,MW,lower,2050,1.0
2072,flywheels,flywheels,output capacity for one unit,MW,upper,2020,1.0
2073,flywheels,flywheels,output capacity for one unit,MW,upper,2050,1.5
2074,flywheels,flywheels,output capacity for one unit,MW,control,2018,1.0
2075,flywheels,flywheels,output capacity for one unit,MW,control,2020,1.0
2076,flywheels,flywheels,output capacity for one unit,MW,control,2030,1.0
2077,flywheels,flywheels,output capacity for one unit,MW,control,2050,1.0
2078,flywheels,flywheels,planned outage,weeks/year,control,2018,0.0
2079,flywheels,flywheels,round trip efficiency,percent,lower,2020,98.0
2080,flywheels,flywheels,round trip efficiency,percent,lower,2050,98.0
2081,flywheels,flywheels,round trip efficiency,percent,upper,2020,99.0
2082,flywheels,flywheels,round trip efficiency,percent,upper,2050,99.0
2083,flywheels,flywheels,round trip efficiency,percent,control,2018,98.0
2084,flywheels,flywheels,round trip efficiency,percent,control,2020,98.0
2085,flywheels,flywheels,round trip efficiency,percent,control,2030,98.0
2086,flywheels,flywheels,round trip efficiency,percent,control,2050,98.0
2087,flywheels,flywheels,technical lifetime,years,lower,2020,20.0
2088,flywheels,flywheels,technical lifetime,years,lower,2050,20.0
2089,flywheels,flywheels,technical lifetime,years,upper,2020,25.0
2090,flywheels,flywheels,technical lifetime,years,upper,2050,25.0
2091,flywheels,flywheels,technical lifetime,years,control,2018,20.0
2092,flywheels,flywheels,technical lifetime,years,control,2020,20.0
2093,flywheels,flywheels,technical lifetime,years,control,2030,25.0
2094,flywheels,flywheels,technical lifetime,years,control,2050,25.0
2095,flywheels,flywheels,capacity component,EUR_2020/MW,lower,2020,106000.0
2096,flywheels,flywheels,capacity component,EUR_2020/MW,lower,2050,96000.0
2097,flywheels,flywheels,capacity component,EUR_2020/MW,upper,2020,106000.0
2098,flywheels,flywheels,capacity component,EUR_2020/MW,upper,2050,106000.0
2099,flywheels,flywheels,capacity component,EUR_2020/MW,control,2018,106000.0
2100,flywheels,flywheels,capacity component,EUR_2020/MW,control,2020,106000.0
2101,flywheels,flywheels,capacity component,EUR_2020/MW,control,2030,106000.0
2102,flywheels,flywheels,capacity component,EUR_2020/MW,control,2050,106000.0
2103,flywheels,flywheels,energy component,EUR_2020/MWh,lower,2020,319000.0
2104,flywheels,flywheels,energy component,EUR_2020/MWh,lower,2050,319000.0
2105,flywheels,flywheels,energy component,EUR_2020/MWh,upper,2020,383000.0
2106,flywheels,flywheels,energy component,EUR_2020/MWh,upper,2050,383000.0
2107,flywheels,flywheels,energy component,EUR_2020/MWh,control,2018,1063000.0
2108,flywheels,flywheels,energy component,EUR_2020/MWh,control,2020,351000.0
2109,flywheels,flywheels,energy component,EUR_2020/MWh,control,2030,351000.0
2110,flywheels,flywheels,energy component,EUR_2020/MWh,control,2050,351000.0
2111,flywheels,flywheels,fixed o&m,EUR_2020/MW/year,lower,2020,797.55
2112,flywheels,flywheels,fixed o&m,EUR_2020/MW/year,lower,2050,797.55
2113,flywheels,flywheels,fixed o&m,EUR_2020/MW/year,upper,2020,797.55
2114,flywheels,flywheels,fixed o&m,EUR_2020/MW/year,upper,2050,797.55
2115,flywheels,flywheels,fixed o&m,EUR_2020/MW/year,control,2018,797.55
2116,flywheels,flywheels,fixed o&m,EUR_2020/MW/year,control,2020,797.55
2117,flywheels,flywheels,fixed o&m,EUR_2020/MW/year,control,2030,797.55
2118,flywheels,flywheels,fixed o&m,EUR_2020/MW/year,control,2050,797.55
2119,flywheels,flywheels,specific investment,EUR_2020/MWh,lower,2020,319000.0
2120,flywheels,flywheels,specific investment,EUR_2020/MWh,lower,2050,319000.0
2121,flywheels,flywheels,specific investment,EUR_2020/MWh,upper,2020,383000.0
2122,flywheels,flywheels,specific investment,EUR_2020/MWh,upper,2050,383000.0
2123,flywheels,flywheels,specific investment,EUR_2020/MWh,control,2018,1063000.0
2124,flywheels,flywheels,specific investment,EUR_2020/MWh,control,2020,356000.0
2125,flywheels,flywheels,specific investment,EUR_2020/MWh,control,2030,356000.0
2126,flywheels,flywheels,specific investment,EUR_2020/MWh,control,2050,356000.0
2127,flywheels,flywheels,variable o&m,EUR_2020/MWh,lower,2020,0.0
2128,flywheels,flywheels,variable o&m,EUR_2020/MWh,lower,2050,0.0
2129,flywheels,flywheels,variable o&m,EUR_2020/MWh,upper,2020,0.0
2130,flywheels,flywheels,variable o&m,EUR_2020/MWh,upper,2050,0.0
2131,flywheels,flywheels,variable o&m,EUR_2020/MWh,control,2018,0.0
2132,flywheels,flywheels,variable o&m,EUR_2020/MWh,control,2020,0.0
2133,flywheels,flywheels,variable o&m,EUR_2020/MWh,control,2030,0.0
2134,flywheels,flywheels,variable o&m,EUR_2020/MWh,control,2050,0.0
2135,flywheels,flywheels,response time from full-rated charge to full-rated discharge,sec,lower,2020,0.003
2136,flywheels,flywheels,response time from full-rated charge to full-rated discharge,sec,lower,2050,0.003
2137,flywheels,flywheels,response time from full-rated charge to full-rated discharge,sec,upper,2020,0.003
2138,flywheels,flywheels,response time from full-rated charge to full-rated discharge,sec,upper,2050,0.003
2139,flywheels,flywheels,response time from full-rated charge to full-rated discharge,sec,control,2018,0.003
2140,flywheels,flywheels,response time from full-rated charge to full-rated discharge,sec,control,2020,0.003
2141,flywheels,flywheels,response time from full-rated charge to full-rated discharge,sec,control,2030,0.003
2142,flywheels,flywheels,response time from full-rated charge to full-rated discharge,sec,control,2050,0.003
2143,flywheels,flywheels,response time from idle to full-rated discharge,sec,lower,2020,0.003
2144,flywheels,flywheels,response time from idle to full-rated discharge,sec,lower,2050,0.003
2145,flywheels,flywheels,response time from idle to full-rated discharge,sec,upper,2020,0.003
2146,flywheels,flywheels,response time from idle to full-rated discharge,sec,upper,2050,0.003
2147,flywheels,flywheels,response time from idle to full-rated discharge,sec,control,2018,0.003
2148,flywheels,flywheels,response time from idle to full-rated discharge,sec,control,2020,0.003
2149,flywheels,flywheels,response time from idle to full-rated discharge,sec,control,2030,0.003
2150,flywheels,flywheels,response time from idle to full-rated discharge,sec,control,2050,0.003
2151,flywheels,flywheels,cycle life,cycles,lower,2020,106.0
2152,flywheels,flywheels,cycle life,cycles,lower,2050,106.0
2153,flywheels,flywheels,cycle life,cycles,upper,2020,107.0
2154,flywheels,flywheels,cycle life,cycles,upper,2050,107.0
2155,flywheels,flywheels,cycle life,cycles,control,2018,106.0
2156,flywheels,flywheels,cycle life,cycles,control,2020,106.0
2157,flywheels,flywheels,cycle life,cycles,control,2030,106.0
2158,flywheels,flywheels,cycle life,cycles,control,2050,106.0
2159,flywheels,flywheels,specific energy,Wh/kg,lower,2020,300.0
2160,flywheels,flywheels,specific energy,Wh/kg,lower,2050,350.0
2161,flywheels,flywheels,specific energy,Wh/kg,upper,2020,400.0
2162,flywheels,flywheels,specific energy,Wh/kg,upper,2050,400.0
2163,flywheels,flywheels,specific energy,Wh/kg,control,2018,115.0
2164,flywheels,flywheels,specific energy,Wh/kg,control,2020,350.0
2165,flywheels,flywheels,specific energy,Wh/kg,control,2030,350.0
2166,flywheels,flywheels,specific energy,Wh/kg,control,2050,350.0
2167,flywheels,flywheels,specific energy,Wh/l,lower,2020,1300.0
2168,flywheels,flywheels,specific energy,Wh/l,lower,2050,1300.0
2169,flywheels,flywheels,specific energy,Wh/l,upper,2020,2000.0
2170,flywheels,flywheels,specific energy,Wh/l,upper,2050,2000.0
2171,flywheels,flywheels,specific energy,Wh/l,control,2018,500.0
2172,flywheels,flywheels,specific energy,Wh/l,control,2020,1500.0
2173,flywheels,flywheels,specific energy,Wh/l,control,2030,1500.0
2174,flywheels,flywheels,specific energy,Wh/l,control,2050,1500.0
2175,flywheels,flywheels,specific investment,EUR_2020/MW,lower,2020,149000.0
2176,flywheels,flywheels,specific investment,EUR_2020/MW,lower,2050,138000.0
2177,flywheels,flywheels,specific investment,EUR_2020/MW,upper,2020,160000.0
2178,flywheels,flywheels,specific investment,EUR_2020/MW,upper,2050,149000.0
2179,flywheels,flywheels,specific investment,EUR_2020/MW,control,2018,174000.0
2180,flywheels,flywheels,specific investment,EUR_2020/MW,control,2020,154000.0
2181,flywheels,flywheels,specific investment,EUR_2020/MW,control,2030,145000.0
2182,flywheels,flywheels,specific investment,EUR_2020/MW,control,2050,139000.0
2183,lithium ion battery,lithium-ion battery (utility-scale),charge efficiency,percent,lower,2030,98.0
2184,lithium ion battery,lithium-ion battery (utility-scale),charge efficiency,percent,lower,2050,98.0
2185,lithium ion battery,lithium-ion battery (utility-scale),charge efficiency,percent,upper,2030,98.5
2186,lithium ion battery,lithium-ion battery (utility-scale),charge efficiency,percent,upper,2050,99.0
2187,lithium ion battery,lithium-ion battery (utility-scale),charge efficiency,percent,control,2025,98.0
2188,lithium ion battery,lithium-ion battery (utility-scale),charge efficiency,percent,control,2030,98.0
2189,lithium ion battery,lithium-ion battery (utility-scale),charge efficiency,percent,control,2035,98.5
2190,lithium ion battery,lithium-ion battery (utility-scale),charge efficiency,percent,control,2040,98.5
2191,lithium ion battery,lithium-ion battery (utility-scale),charge efficiency,percent,control,2050,98.5
2192,lithium ion battery,lithium-ion battery (utility-scale),discharge efficiency,percent,lower,2030,97.0
2193,lithium ion battery,lithium-ion battery (utility-scale),discharge efficiency,percent,lower,2050,97.0
2194,lithium ion battery,lithium-ion battery (utility-scale),discharge efficiency,percent,upper,2030,98.0
2195,lithium ion battery,lithium-ion battery (utility-scale),discharge efficiency,percent,upper,2050,98.0
2196,lithium ion battery,lithium-ion battery (utility-scale),discharge efficiency,percent,control,2025,97.0
2197,lithium ion battery,lithium-ion battery (utility-scale),discharge efficiency,percent,control,2030,97.0
2198,lithium ion battery,lithium-ion battery (utility-scale),discharge efficiency,percent,control,2035,97.5
2199,lithium ion battery,lithium-ion battery (utility-scale),discharge efficiency,percent,control,2040,97.5
2200,lithium ion battery,lithium-ion battery (utility-scale),discharge efficiency,percent,control,2050,97.5
2202,lithium ion battery,lithium-ion battery (utility-scale),construction time,years,lower,2030,0.2
2203,lithium ion battery,lithium-ion battery (utility-scale),construction time,years,lower,2050,0.1
2204,lithium ion battery,lithium-ion battery (utility-scale),construction time,years,upper,2030,1.5
2205,lithium ion battery,lithium-ion battery (utility-scale),construction time,years,upper,2050,2.0
2206,lithium ion battery,lithium-ion battery (utility-scale),construction time,years,control,2025,0.25
2207,lithium ion battery,lithium-ion battery (utility-scale),construction time,years,control,2030,0.2
2208,lithium ion battery,lithium-ion battery (utility-scale),construction time,years,control,2035,0.2
2209,lithium ion battery,lithium-ion battery (utility-scale),construction time,years,control,2040,0.2
2210,lithium ion battery,lithium-ion battery (utility-scale),construction time,years,control,2050,0.2
2211,lithium ion battery,lithium-ion battery (utility-scale),energy losses during storage,percent/day,lower,2030,0.05
2212,lithium ion battery,lithium-ion battery (utility-scale),energy losses during storage,percent/day,lower,2050,0.05
2213,lithium ion battery,lithium-ion battery (utility-scale),energy losses during storage,percent/day,upper,2030,0.2
2214,lithium ion battery,lithium-ion battery (utility-scale),energy losses during storage,percent/day,upper,2050,0.15
2215,lithium ion battery,lithium-ion battery (utility-scale),energy losses during storage,percent/day,control,2025,0.1
2216,lithium ion battery,lithium-ion battery (utility-scale),energy losses during storage,percent/day,control,2030,0.1
2217,lithium ion battery,lithium-ion battery (utility-scale),energy losses during storage,percent/day,control,2035,0.1
2218,lithium ion battery,lithium-ion battery (utility-scale),energy losses during storage,percent/day,control,2040,0.1
2219,lithium ion battery,lithium-ion battery (utility-scale),energy losses during storage,percent/day,control,2050,0.1
2220,lithium ion battery,lithium-ion battery (utility-scale),energy storage capacity for one unit,MWh,lower,2030,3.0
2221,lithium ion battery,lithium-ion battery (utility-scale),energy storage capacity for one unit,MWh,lower,2050,4.5
2222,lithium ion battery,lithium-ion battery (utility-scale),energy storage capacity for one unit,MWh,upper,2030,4.1
2223,lithium ion battery,lithium-ion battery (utility-scale),energy storage capacity for one unit,MWh,upper,2050,5.0
2224,lithium ion battery,lithium-ion battery (utility-scale),energy storage capacity for one unit,MWh,control,2025,3.0
2225,lithium ion battery,lithium-ion battery (utility-scale),energy storage capacity for one unit,MWh,control,2030,3.6
2226,lithium ion battery,lithium-ion battery (utility-scale),energy storage capacity for one unit,MWh,control,2035,4.1
2227,lithium ion battery,lithium-ion battery (utility-scale),energy storage capacity for one unit,MWh,control,2040,4.5
2228,lithium ion battery,lithium-ion battery (utility-scale),energy storage capacity for one unit,MWh,control,2050,4.8
2229,lithium ion battery,lithium-ion battery (utility-scale),forced outage,percent,lower,2030,0.2
2230,lithium ion battery,lithium-ion battery (utility-scale),forced outage,percent,lower,2050,0.1
2231,lithium ion battery,lithium-ion battery (utility-scale),forced outage,percent,upper,2030,0.5
2232,lithium ion battery,lithium-ion battery (utility-scale),forced outage,percent,upper,2050,0.3
2233,lithium ion battery,lithium-ion battery (utility-scale),forced outage,percent,control,2025,0.4
2234,lithium ion battery,lithium-ion battery (utility-scale),forced outage,percent,control,2030,0.38
2235,lithium ion battery,lithium-ion battery (utility-scale),forced outage,percent,control,2035,0.35
2236,lithium ion battery,lithium-ion battery (utility-scale),forced outage,percent,control,2040,0.3
2237,lithium ion battery,lithium-ion battery (utility-scale),forced outage,percent,control,2050,0.25
2239,lithium ion battery,lithium-ion battery (utility-scale),input power for one unit,MW,lower,2030,1.5
2240,lithium ion battery,lithium-ion battery (utility-scale),input power for one unit,MW,lower,2050,7.7
2241,lithium ion battery,lithium-ion battery (utility-scale),input power for one unit,MW,upper,2030,5.3
2242,lithium ion battery,lithium-ion battery (utility-scale),input power for one unit,MW,upper,2050,11.5
2243,lithium ion battery,lithium-ion battery (utility-scale),input power for one unit,MW,control,2025,1.5
2244,lithium ion battery,lithium-ion battery (utility-scale),input power for one unit,MW,control,2030,3.6
2245,lithium ion battery,lithium-ion battery (utility-scale),input power for one unit,MW,control,2035,5.3
2246,lithium ion battery,lithium-ion battery (utility-scale),input power for one unit,MW,control,2040,7.7
2247,lithium ion battery,lithium-ion battery (utility-scale),input power for one unit,MW,control,2050,9.6
2248,lithium ion battery,lithium-ion battery (utility-scale),output power for one unit,MW,lower,2030,1.5
2249,lithium ion battery,lithium-ion battery (utility-scale),output power for one unit,MW,lower,2050,7.7
2250,lithium ion battery,lithium-ion battery (utility-scale),output power for one unit,MW,upper,2030,5.3
2251,lithium ion battery,lithium-ion battery (utility-scale),output power for one unit,MW,upper,2050,11.5
2252,lithium ion battery,lithium-ion battery (utility-scale),output power for one unit,MW,control,2025,1.5
2253,lithium ion battery,lithium-ion battery (utility-scale),output power for one unit,MW,control,2030,3.6
2254,lithium ion battery,lithium-ion battery (utility-scale),output power for one unit,MW,control,2035,5.3
2255,lithium ion battery,lithium-ion battery (utility-scale),output power for one unit,MW,control,2040,7.7
2256,lithium ion battery,lithium-ion battery (utility-scale),output power for one unit,MW,control,2050,9.6
2257,lithium ion battery,lithium-ion battery (utility-scale),planned outage,weeks/year,lower,2030,0.1
2258,lithium ion battery,lithium-ion battery (utility-scale),planned outage,weeks/year,lower,2050,0.05
2259,lithium ion battery,lithium-ion battery (utility-scale),planned outage,weeks/year,upper,2030,0.25
2260,lithium ion battery,lithium-ion battery (utility-scale),planned outage,weeks/year,upper,2050,0.2
2261,lithium ion battery,lithium-ion battery (utility-scale),planned outage,weeks/year,control,2025,0.2
2262,lithium ion battery,lithium-ion battery (utility-scale),planned outage,weeks/year,control,2030,0.2
2263,lithium ion battery,lithium-ion battery (utility-scale),planned outage,weeks/year,control,2035,0.1
2264,lithium ion battery,lithium-ion battery (utility-scale),planned outage,weeks/year,control,2040,0.1
2265,lithium ion battery,lithium-ion battery (utility-scale),planned outage,weeks/year,control,2050,0.1
2266,lithium ion battery,lithium-ion battery (utility-scale),round trip efficiency ac,percent,lower,2030,90.0
2267,lithium ion battery,lithium-ion battery (utility-scale),round trip efficiency ac,percent,lower,2050,91.0
2268,lithium ion battery,lithium-ion battery (utility-scale),round trip efficiency ac,percent,upper,2030,92.0
2269,lithium ion battery,lithium-ion battery (utility-scale),round trip efficiency ac,percent,upper,2050,94.0
2270,lithium ion battery,lithium-ion battery (utility-scale),round trip efficiency ac,percent,control,2025,91.0
2271,lithium ion battery,lithium-ion battery (utility-scale),round trip efficiency ac,percent,control,2030,91.0
2272,lithium ion battery,lithium-ion battery (utility-scale),round trip efficiency ac,percent,control,2035,92.0
2273,lithium ion battery,lithium-ion battery (utility-scale),round trip efficiency ac,percent,control,2040,92.0
2274,lithium ion battery,lithium-ion battery (utility-scale),round trip efficiency ac,percent,control,2050,92.0
2275,lithium ion battery,lithium-ion battery (utility-scale),round trip efficiency dc,percent,lower,2030,95.0
2276,lithium ion battery,lithium-ion battery (utility-scale),round trip efficiency dc,percent,lower,2050,95.0
2277,lithium ion battery,lithium-ion battery (utility-scale),round trip efficiency dc,percent,upper,2030,96.0
2278,lithium ion battery,lithium-ion battery (utility-scale),round trip efficiency dc,percent,upper,2050,97.0
2279,lithium ion battery,lithium-ion battery (utility-scale),round trip efficiency dc,percent,control,2025,95.0
2280,lithium ion battery,lithium-ion battery (utility-scale),round trip efficiency dc,percent,control,2030,95.0
2281,lithium ion battery,lithium-ion battery (utility-scale),round trip efficiency dc,percent,control,2035,96.0
2282,lithium ion battery,lithium-ion battery (utility-scale),round trip efficiency dc,percent,control,2040,96.0
2283,lithium ion battery,lithium-ion battery (utility-scale),round trip efficiency dc,percent,control,2050,96.0
2284,lithium ion battery,lithium-ion battery (utility-scale),technical lifetime,years,lower,2030,8.0
2285,lithium ion battery,lithium-ion battery (utility-scale),technical lifetime,years,lower,2050,20.0
2286,lithium ion battery,lithium-ion battery (utility-scale),technical lifetime,years,upper,2030,30.0
2287,lithium ion battery,lithium-ion battery (utility-scale),technical lifetime,years,upper,2050,30.0
2288,lithium ion battery,lithium-ion battery (utility-scale),technical lifetime,years,control,2025,15.0
2289,lithium ion battery,lithium-ion battery (utility-scale),technical lifetime,years,control,2030,20.0
2290,lithium ion battery,lithium-ion battery (utility-scale),technical lifetime,years,control,2035,25.0
2291,lithium ion battery,lithium-ion battery (utility-scale),technical lifetime,years,control,2040,30.0
2292,lithium ion battery,lithium-ion battery (utility-scale),technical lifetime,years,control,2050,30.0
2293,lithium ion battery,lithium-ion battery (utility-scale),energy component,EUR_2020/MWh,lower,2030,50000.0
2294,lithium ion battery,lithium-ion battery (utility-scale),energy component,EUR_2020/MWh,lower,2050,30000.0
2295,lithium ion battery,lithium-ion battery (utility-scale),energy component,EUR_2020/MWh,upper,2030,95000.0
2296,lithium ion battery,lithium-ion battery (utility-scale),energy component,EUR_2020/MWh,upper,2050,55000.0
2297,lithium ion battery,lithium-ion battery (utility-scale),energy component,EUR_2020/MWh,control,2025,95000.0
2298,lithium ion battery,lithium-ion battery (utility-scale),energy component,EUR_2020/MWh,control,2030,65000.0
2299,lithium ion battery,lithium-ion battery (utility-scale),energy component,EUR_2020/MWh,control,2035,55000.0
2300,lithium ion battery,lithium-ion battery (utility-scale),energy component,EUR_2020/MWh,control,2040,55000.0
2301,lithium ion battery,lithium-ion battery (utility-scale),energy component,EUR_2020/MWh,control,2050,54000.0
2302,lithium ion battery,lithium-ion battery (utility-scale),other project costs,EUR_2020/MWh,lower,2030,100000.0
2303,lithium ion battery,lithium-ion battery (utility-scale),other project costs,EUR_2020/MWh,lower,2050,100000.0
2304,lithium ion battery,lithium-ion battery (utility-scale),other project costs,EUR_2020/MWh,upper,2030,150000.0
2305,lithium ion battery,lithium-ion battery (utility-scale),other project costs,EUR_2020/MWh,upper,2050,140000.0
2306,lithium ion battery,lithium-ion battery (utility-scale),other project costs,EUR_2020/MWh,control,2025,150000.0
2307,lithium ion battery,lithium-ion battery (utility-scale),other project costs,EUR_2020/MWh,control,2030,130000.0
2308,lithium ion battery,lithium-ion battery (utility-scale),other project costs,EUR_2020/MWh,control,2035,130000.0
2309,lithium ion battery,lithium-ion battery (utility-scale),other project costs,EUR_2020/MWh,control,2040,120000.0
2310,lithium ion battery,lithium-ion battery (utility-scale),other project costs,EUR_2020/MWh,control,2050,120000.0
2311,lithium ion battery,lithium-ion battery (utility-scale),power component,EUR_2020/MW,lower,2030,70000.0
2312,lithium ion battery,lithium-ion battery (utility-scale),power component,EUR_2020/MW,lower,2050,40000.0
2313,lithium ion battery,lithium-ion battery (utility-scale),power component,EUR_2020/MW,upper,2030,84000.0
2314,lithium ion battery,lithium-ion battery (utility-scale),power component,EUR_2020/MW,upper,2050,84000.0
2315,lithium ion battery,lithium-ion battery (utility-scale),power component,EUR_2020/MW,control,2025,86000.0
2316,lithium ion battery,lithium-ion battery (utility-scale),power component,EUR_2020/MW,control,2030,84000.0
2317,lithium ion battery,lithium-ion battery (utility-scale),power component,EUR_2020/MW,control,2035,74000.0
2318,lithium ion battery,lithium-ion battery (utility-scale),power component,EUR_2020/MW,control,2040,73000.0
2319,lithium ion battery,lithium-ion battery (utility-scale),power component,EUR_2020/MW,control,2050,72000.0
2320,lithium ion battery,lithium-ion battery (utility-scale),fixed o&m,EUR_2020/MW/year,lower,2030,5365.0
2321,lithium ion battery,lithium-ion battery (utility-scale),fixed o&m,EUR_2020/MW/year,lower,2050,5755.0
2322,lithium ion battery,lithium-ion battery (utility-scale),fixed o&m,EUR_2020/MW/year,upper,2030,10254.0
2323,lithium ion battery,lithium-ion battery (utility-scale),fixed o&m,EUR_2020/MW/year,upper,2050,11258.0
2324,lithium ion battery,lithium-ion battery (utility-scale),fixed o&m,EUR_2020/MW/year,control,2025,8352.0
2325,lithium ion battery,lithium-ion battery (utility-scale),fixed o&m,EUR_2020/MW/year,control,2030,8091.0
2326,lithium ion battery,lithium-ion battery (utility-scale),fixed o&m,EUR_2020/MW/year,control,2035,8139.0
2327,lithium ion battery,lithium-ion battery (utility-scale),fixed o&m,EUR_2020/MW/year,control,2040,8676.0
2328,lithium ion battery,lithium-ion battery (utility-scale),fixed o&m,EUR_2020/MW/year,control,2050,9222.0
2329,lithium ion battery,lithium-ion battery (utility-scale),specific investment,EUR_2020/MWh,lower,2030,185000.0
2330,lithium ion battery,lithium-ion battery (utility-scale),specific investment,EUR_2020/MWh,lower,2050,198000.0
2331,lithium ion battery,lithium-ion battery (utility-scale),specific investment,EUR_2020/MWh,upper,2030,354000.0
2332,lithium ion battery,lithium-ion battery (utility-scale),specific investment,EUR_2020/MWh,upper,2050,388000.0
2333,lithium ion battery,lithium-ion battery (utility-scale),specific investment,EUR_2020/MWh,control,2025,288000.0
2334,lithium ion battery,lithium-ion battery (utility-scale),specific investment,EUR_2020/MWh,control,2030,279000.0
2335,lithium ion battery,lithium-ion battery (utility-scale),specific investment,EUR_2020/MWh,control,2035,281000.0
2336,lithium ion battery,lithium-ion battery (utility-scale),specific investment,EUR_2020/MWh,control,2040,299000.0
2337,lithium ion battery,lithium-ion battery (utility-scale),specific investment,EUR_2020/MWh,control,2050,318000.0
2338,lithium ion battery,lithium-ion battery (utility-scale),variable o&m,EUR_2020/MWh,lower,2030,0.0
2339,lithium ion battery,lithium-ion battery (utility-scale),variable o&m,EUR_2020/MWh,lower,2050,0.0
2340,lithium ion battery,lithium-ion battery (utility-scale),variable o&m,EUR_2020/MWh,upper,2030,0.0
2341,lithium ion battery,lithium-ion battery (utility-scale),variable o&m,EUR_2020/MWh,upper,2050,0.0
2342,lithium ion battery,lithium-ion battery (utility-scale),variable o&m,EUR_2020/MWh,control,2025,0.0
2343,lithium ion battery,lithium-ion battery (utility-scale),variable o&m,EUR_2020/MWh,control,2030,0.0
2344,lithium ion battery,lithium-ion battery (utility-scale),variable o&m,EUR_2020/MWh,control,2035,0.0
2345,lithium ion battery,lithium-ion battery (utility-scale),variable o&m,EUR_2020/MWh,control,2040,0.0
2346,lithium ion battery,lithium-ion battery (utility-scale),variable o&m,EUR_2020/MWh,control,2050,0.0
2347,lithium ion battery,lithium-ion battery (utility-scale),response time from full-rated charge to full-rated discharge,sec,lower,2030,0.0
2348,lithium ion battery,lithium-ion battery (utility-scale),response time from full-rated charge to full-rated discharge,sec,lower,2050,0.0
2349,lithium ion battery,lithium-ion battery (utility-scale),response time from full-rated charge to full-rated discharge,sec,upper,2030,0.08
2350,lithium ion battery,lithium-ion battery (utility-scale),response time from full-rated charge to full-rated discharge,sec,upper,2050,0.08
2351,lithium ion battery,lithium-ion battery (utility-scale),response time from full-rated charge to full-rated discharge,sec,control,2025,0.08
2352,lithium ion battery,lithium-ion battery (utility-scale),response time from full-rated charge to full-rated discharge,sec,control,2030,0.08
2353,lithium ion battery,lithium-ion battery (utility-scale),response time from full-rated charge to full-rated discharge,sec,control,2035,0.08
2354,lithium ion battery,lithium-ion battery (utility-scale),response time from full-rated charge to full-rated discharge,sec,control,2040,0.08
2355,lithium ion battery,lithium-ion battery (utility-scale),response time from full-rated charge to full-rated discharge,sec,control,2050,0.08
2356,lithium ion battery,lithium-ion battery (utility-scale),response time from idle to full-rated discharge,sec,lower,2030,0.0
2357,lithium ion battery,lithium-ion battery (utility-scale),response time from idle to full-rated discharge,sec,lower,2050,0.0
2358,lithium ion battery,lithium-ion battery (utility-scale),response time from idle to full-rated discharge,sec,upper,2030,0.08
2359,lithium ion battery,lithium-ion battery (utility-scale),response time from idle to full-rated discharge,sec,upper,2050,0.08
2360,lithium ion battery,lithium-ion battery (utility-scale),response time from idle to full-rated discharge,sec,control,2025,0.08
2361,lithium ion battery,lithium-ion battery (utility-scale),response time from idle to full-rated discharge,sec,control,2030,0.08
2362,lithium ion battery,lithium-ion battery (utility-scale),response time from idle to full-rated discharge,sec,control,2035,0.08
2363,lithium ion battery,lithium-ion battery (utility-scale),response time from idle to full-rated discharge,sec,control,2040,0.08
2364,lithium ion battery,lithium-ion battery (utility-scale),response time from idle to full-rated discharge,sec,control,2050,0.08
2365,lithium ion battery,lithium-ion battery (utility-scale),alternative investment cost,EUR_2020/MW,lower,2030,370000.0
2366,lithium ion battery,lithium-ion battery (utility-scale),alternative investment cost,EUR_2020/MW,lower,2050,116000.0
2367,lithium ion battery,lithium-ion battery (utility-scale),alternative investment cost,EUR_2020/MW,upper,2030,274000.0
2368,lithium ion battery,lithium-ion battery (utility-scale),alternative investment cost,EUR_2020/MW,upper,2050,169000.0
2369,lithium ion battery,lithium-ion battery (utility-scale),alternative investment cost,EUR_2020/MW,control,2025,576000.0
2370,lithium ion battery,lithium-ion battery (utility-scale),alternative investment cost,EUR_2020/MW,control,2030,279000.0
2371,lithium ion battery,lithium-ion battery (utility-scale),alternative investment cost,EUR_2020/MW,control,2035,217000.0
2372,lithium ion battery,lithium-ion battery (utility-scale),alternative investment cost,EUR_2020/MW,control,2040,175000.0
2373,lithium ion battery,lithium-ion battery (utility-scale),alternative investment cost,EUR_2020/MW,control,2050,159000.0
2374,lithium ion battery,lithium-ion battery (utility-scale),energy density,kWh/meter**3,lower,2030,50.0
2375,lithium ion battery,lithium-ion battery (utility-scale),energy density,kWh/meter**3,lower,2050,110.0
2376,lithium ion battery,lithium-ion battery (utility-scale),energy density,kWh/meter**3,upper,2030,90.0
2377,lithium ion battery,lithium-ion battery (utility-scale),energy density,kWh/meter**3,upper,2050,150.0
2378,lithium ion battery,lithium-ion battery (utility-scale),energy density,kWh/meter**3,control,2025,78.0
2379,lithium ion battery,lithium-ion battery (utility-scale),energy density,kWh/meter**3,control,2030,86.0
2380,lithium ion battery,lithium-ion battery (utility-scale),energy density,kWh/meter**3,control,2035,94.0
2381,lithium ion battery,lithium-ion battery (utility-scale),energy density,kWh/meter**3,control,2040,104.0
2382,lithium ion battery,lithium-ion battery (utility-scale),energy density,kWh/meter**3,control,2050,126.0
2383,lithium ion battery,lithium-ion battery (utility-scale),energy storage expansion cost,EUR_2020/MWh,lower,2030,50000.0
2384,lithium ion battery,lithium-ion battery (utility-scale),energy storage expansion cost,EUR_2020/MWh,lower,2050,36000.0
2385,lithium ion battery,lithium-ion battery (utility-scale),energy storage expansion cost,EUR_2020/MWh,upper,2030,120000.0
2386,lithium ion battery,lithium-ion battery (utility-scale),energy storage expansion cost,EUR_2020/MWh,upper,2050,108000.0
2387,lithium ion battery,lithium-ion battery (utility-scale),energy storage expansion cost,EUR_2020/MWh,control,2025,120000.0
2388,lithium ion battery,lithium-ion battery (utility-scale),energy storage expansion cost,EUR_2020/MWh,control,2030,84000.0
2389,lithium ion battery,lithium-ion battery (utility-scale),energy storage expansion cost,EUR_2020/MWh,control,2035,72000.0
2390,lithium ion battery,lithium-ion battery (utility-scale),energy storage expansion cost,EUR_2020/MWh,control,2040,72000.0
2391,lithium ion battery,lithium-ion battery (utility-scale),energy storage expansion cost,EUR_2020/MWh,control,2050,72000.0
2392,lithium ion battery,lithium-ion battery (utility-scale),lifetime in total number of cycles,cycles,lower,2030,5000.0
2393,lithium ion battery,lithium-ion battery (utility-scale),lifetime in total number of cycles,cycles,lower,2050,12000.0
2394,lithium ion battery,lithium-ion battery (utility-scale),lifetime in total number of cycles,cycles,upper,2030,8000.0
2395,lithium ion battery,lithium-ion battery (utility-scale),lifetime in total number of cycles,cycles,upper,2050,36000.0
2396,lithium ion battery,lithium-ion battery (utility-scale),lifetime in total number of cycles,cycles,control,2025,5000.0
2397,lithium ion battery,lithium-ion battery (utility-scale),lifetime in total number of cycles,cycles,control,2030,6000.0
2398,lithium ion battery,lithium-ion battery (utility-scale),lifetime in total number of cycles,cycles,control,2035,8000.0
2399,lithium ion battery,lithium-ion battery (utility-scale),lifetime in total number of cycles,cycles,control,2040,12000.0
2400,lithium ion battery,lithium-ion battery (utility-scale),lifetime in total number of cycles,cycles,control,2050,20000.0
2401,lithium ion battery,lithium-ion battery (utility-scale),power density,kW/meter**3,lower,2030,28.0
2402,lithium ion battery,lithium-ion battery (utility-scale),power density,kW/meter**3,lower,2050,55.0
2403,lithium ion battery,lithium-ion battery (utility-scale),power density,kW/meter**3,upper,2030,52.0
2404,lithium ion battery,lithium-ion battery (utility-scale),power density,kW/meter**3,upper,2050,110.0
2405,lithium ion battery,lithium-ion battery (utility-scale),power density,kW/meter**3,control,2025,43.0
2406,lithium ion battery,lithium-ion battery (utility-scale),power density,kW/meter**3,control,2030,47.0
2407,lithium ion battery,lithium-ion battery (utility-scale),power density,kW/meter**3,control,2035,52.0
2408,lithium ion battery,lithium-ion battery (utility-scale),power density,kW/meter**3,control,2040,57.0
2409,lithium ion battery,lithium-ion battery (utility-scale),power density,kW/meter**3,control,2050,69.0
2410,lithium ion battery,lithium-ion battery (utility-scale),power expansion cost,EUR_2020/MW,lower,2030,72000.0
2411,lithium ion battery,lithium-ion battery (utility-scale),power expansion cost,EUR_2020/MW,lower,2050,50000.0
2412,lithium ion battery,lithium-ion battery (utility-scale),power expansion cost,EUR_2020/MW,upper,2030,144000.0
2413,lithium ion battery,lithium-ion battery (utility-scale),power expansion cost,EUR_2020/MW,upper,2050,120000.0
2414,lithium ion battery,lithium-ion battery (utility-scale),power expansion cost,EUR_2020/MW,control,2025,108000.0
2415,lithium ion battery,lithium-ion battery (utility-scale),power expansion cost,EUR_2020/MW,control,2030,108000.0
2416,lithium ion battery,lithium-ion battery (utility-scale),power expansion cost,EUR_2020/MW,control,2035,96000.0
2417,lithium ion battery,lithium-ion battery (utility-scale),power expansion cost,EUR_2020/MW,control,2040,96000.0
2418,lithium ion battery,lithium-ion battery (utility-scale),power expansion cost,EUR_2020/MW,control,2050,96000.0
2419,lithium ion battery,lithium-ion battery (utility-scale),specific energy,Wh/kg,lower,2030,76.0
2420,lithium ion battery,lithium-ion battery (utility-scale),specific energy,Wh/kg,lower,2050,150.0
2421,lithium ion battery,lithium-ion battery (utility-scale),specific energy,Wh/kg,upper,2030,131.0
2422,lithium ion battery,lithium-ion battery (utility-scale),specific energy,Wh/kg,upper,2050,210.0
2423,lithium ion battery,lithium-ion battery (utility-scale),specific energy,Wh/kg,control,2025,107.0
2424,lithium ion battery,lithium-ion battery (utility-scale),specific energy,Wh/kg,control,2030,118.0
2425,lithium ion battery,lithium-ion battery (utility-scale),specific energy,Wh/kg,control,2035,129.0
2426,lithium ion battery,lithium-ion battery (utility-scale),specific energy,Wh/kg,control,2040,142.0
2427,lithium ion battery,lithium-ion battery (utility-scale),specific energy,Wh/kg,control,2050,172.0
2428,lithium ion battery,lithium-ion battery (utility-scale),specific power,W/kg,lower,2030,30.0
2429,lithium ion battery,lithium-ion battery (utility-scale),specific power,W/kg,lower,2050,50.0
2430,lithium ion battery,lithium-ion battery (utility-scale),specific power,W/kg,upper,2030,65.0
2431,lithium ion battery,lithium-ion battery (utility-scale),specific power,W/kg,upper,2050,90.0
2432,lithium ion battery,lithium-ion battery (utility-scale),specific power,W/kg,control,2025,48.0
2433,lithium ion battery,lithium-ion battery (utility-scale),specific power,W/kg,control,2030,53.0
2434,lithium ion battery,lithium-ion battery (utility-scale),specific power,W/kg,control,2035,58.0
2435,lithium ion battery,lithium-ion battery (utility-scale),specific power,W/kg,control,2040,64.0
2436,lithium ion battery,lithium-ion battery (utility-scale),specific power,W/kg,control,2050,77.0
2458,vanadium redox flow battery,vanadium redox battery (vrb),construction time,years,lower,2030,0.15
2459,vanadium redox flow battery,vanadium redox battery (vrb),construction time,years,lower,2050,0.1
2460,vanadium redox flow battery,vanadium redox battery (vrb),construction time,years,upper,2030,0.5
2461,vanadium redox flow battery,vanadium redox battery (vrb),construction time,years,upper,2050,0.2
2462,vanadium redox flow battery,vanadium redox battery (vrb),construction time,years,control,2020,1.0
2463,vanadium redox flow battery,vanadium redox battery (vrb),construction time,years,control,2025,0.5
2464,vanadium redox flow battery,vanadium redox battery (vrb),construction time,years,control,2030,0.25
2465,vanadium redox flow battery,vanadium redox battery (vrb),construction time,years,control,2035,0.23
2466,vanadium redox flow battery,vanadium redox battery (vrb),construction time,years,control,2040,0.2
2467,vanadium redox flow battery,vanadium redox battery (vrb),construction time,years,control,2050,0.15
2468,vanadium redox flow battery,vanadium redox battery (vrb),energy losses during storage,percent/day,lower,2030,0.15
2469,vanadium redox flow battery,vanadium redox battery (vrb),energy losses during storage,percent/day,lower,2050,0.05
2470,vanadium redox flow battery,vanadium redox battery (vrb),energy losses during storage,percent/day,upper,2030,0.25
2471,vanadium redox flow battery,vanadium redox battery (vrb),energy losses during storage,percent/day,upper,2050,0.15
2472,vanadium redox flow battery,vanadium redox battery (vrb),energy losses during storage,percent/day,control,2020,0.5
2473,vanadium redox flow battery,vanadium redox battery (vrb),energy losses during storage,percent/day,control,2025,0.25
2474,vanadium redox flow battery,vanadium redox battery (vrb),energy losses during storage,percent/day,control,2030,0.2
2475,vanadium redox flow battery,vanadium redox battery (vrb),energy losses during storage,percent/day,control,2035,0.2
2476,vanadium redox flow battery,vanadium redox battery (vrb),energy losses during storage,percent/day,control,2040,0.15
2477,vanadium redox flow battery,vanadium redox battery (vrb),energy losses during storage,percent/day,control,2050,0.1
2478,vanadium redox flow battery,vanadium redox battery (vrb),energy storage capacity for one unit,MWh,lower,2030,0.5
2479,vanadium redox flow battery,vanadium redox battery (vrb),energy storage capacity for one unit,MWh,lower,2050,0.7
2480,vanadium redox flow battery,vanadium redox battery (vrb),energy storage capacity for one unit,MWh,upper,2030,0.7
2481,vanadium redox flow battery,vanadium redox battery (vrb),energy storage capacity for one unit,MWh,upper,2050,0.8
2482,vanadium redox flow battery,vanadium redox battery (vrb),energy storage capacity for one unit,MWh,control,2020,0.5
2483,vanadium redox flow battery,vanadium redox battery (vrb),energy storage capacity for one unit,MWh,control,2025,0.5
2484,vanadium redox flow battery,vanadium redox battery (vrb),energy storage capacity for one unit,MWh,control,2030,0.6
2485,vanadium redox flow battery,vanadium redox battery (vrb),energy storage capacity for one unit,MWh,control,2035,0.63
2486,vanadium redox flow battery,vanadium redox battery (vrb),energy storage capacity for one unit,MWh,control,2040,0.65
2487,vanadium redox flow battery,vanadium redox battery (vrb),energy storage capacity for one unit,MWh,control,2050,0.75
2488,vanadium redox flow battery,vanadium redox battery (vrb),forced outage,percent,lower,2030,0.2
2489,vanadium redox flow battery,vanadium redox battery (vrb),forced outage,percent,lower,2050,0.1
2490,vanadium redox flow battery,vanadium redox battery (vrb),forced outage,percent,upper,2030,0.5
2491,vanadium redox flow battery,vanadium redox battery (vrb),forced outage,percent,upper,2050,0.4
2492,vanadium redox flow battery,vanadium redox battery (vrb),forced outage,percent,control,2020,0.5
2493,vanadium redox flow battery,vanadium redox battery (vrb),forced outage,percent,control,2025,0.4
2494,vanadium redox flow battery,vanadium redox battery (vrb),forced outage,percent,control,2030,0.2
2495,vanadium redox flow battery,vanadium redox battery (vrb),forced outage,percent,control,2035,0.2
2496,vanadium redox flow battery,vanadium redox battery (vrb),forced outage,percent,control,2040,0.2
2497,vanadium redox flow battery,vanadium redox battery (vrb),forced outage,percent,control,2050,0.2
2499,vanadium redox flow battery,vanadium redox battery (vrb),input capacity for one unit,MW,lower,2030,0.4
2500,vanadium redox flow battery,vanadium redox battery (vrb),input capacity for one unit,MW,lower,2050,0.4
2501,vanadium redox flow battery,vanadium redox battery (vrb),input capacity for one unit,MW,upper,2030,0.6
2502,vanadium redox flow battery,vanadium redox battery (vrb),input capacity for one unit,MW,upper,2050,0.6
2503,vanadium redox flow battery,vanadium redox battery (vrb),input capacity for one unit,MW,control,2020,0.25
2504,vanadium redox flow battery,vanadium redox battery (vrb),input capacity for one unit,MW,control,2025,0.25
2505,vanadium redox flow battery,vanadium redox battery (vrb),input capacity for one unit,MW,control,2030,0.5
2506,vanadium redox flow battery,vanadium redox battery (vrb),input capacity for one unit,MW,control,2035,0.5
2507,vanadium redox flow battery,vanadium redox battery (vrb),input capacity for one unit,MW,control,2040,0.5
2508,vanadium redox flow battery,vanadium redox battery (vrb),input capacity for one unit,MW,control,2050,0.5
2509,vanadium redox flow battery,vanadium redox battery (vrb),output capacity for one unit,MW,lower,2030,0.4
2510,vanadium redox flow battery,vanadium redox battery (vrb),output capacity for one unit,MW,lower,2050,0.4
2511,vanadium redox flow battery,vanadium redox battery (vrb),output capacity for one unit,MW,upper,2030,0.6
2512,vanadium redox flow battery,vanadium redox battery (vrb),output capacity for one unit,MW,upper,2050,0.6
2513,vanadium redox flow battery,vanadium redox battery (vrb),output capacity for one unit,MW,control,2020,0.25
2514,vanadium redox flow battery,vanadium redox battery (vrb),output capacity for one unit,MW,control,2025,0.25
2515,vanadium redox flow battery,vanadium redox battery (vrb),output capacity for one unit,MW,control,2030,0.5
2516,vanadium redox flow battery,vanadium redox battery (vrb),output capacity for one unit,MW,control,2035,0.5
2517,vanadium redox flow battery,vanadium redox battery (vrb),output capacity for one unit,MW,control,2040,0.5
2518,vanadium redox flow battery,vanadium redox battery (vrb),output capacity for one unit,MW,control,2050,0.5
2519,vanadium redox flow battery,vanadium redox battery (vrb),planned outage,weeks/year,lower,2030,0.1
2520,vanadium redox flow battery,vanadium redox battery (vrb),planned outage,weeks/year,lower,2050,0.05
2521,vanadium redox flow battery,vanadium redox battery (vrb),planned outage,weeks/year,upper,2030,0.25
2522,vanadium redox flow battery,vanadium redox battery (vrb),planned outage,weeks/year,upper,2050,0.2
2523,vanadium redox flow battery,vanadium redox battery (vrb),planned outage,weeks/year,control,2020,0.25
2524,vanadium redox flow battery,vanadium redox battery (vrb),planned outage,weeks/year,control,2025,0.2
2525,vanadium redox flow battery,vanadium redox battery (vrb),planned outage,weeks/year,control,2030,0.1
2526,vanadium redox flow battery,vanadium redox battery (vrb),planned outage,weeks/year,control,2035,0.1
2527,vanadium redox flow battery,vanadium redox battery (vrb),planned outage,weeks/year,control,2040,0.1
2528,vanadium redox flow battery,vanadium redox battery (vrb),planned outage,weeks/year,control,2050,0.1
2529,vanadium redox flow battery,vanadium redox battery (vrb),round trip efficiency - dc,percent,lower,2030,75.0
2530,vanadium redox flow battery,vanadium redox battery (vrb),round trip efficiency - dc,percent,lower,2050,80.0
2531,vanadium redox flow battery,vanadium redox battery (vrb),round trip efficiency - dc,percent,upper,2030,85.0
2532,vanadium redox flow battery,vanadium redox battery (vrb),round trip efficiency - dc,percent,upper,2050,90.0
2533,vanadium redox flow battery,vanadium redox battery (vrb),round trip efficiency - dc,percent,control,2020,75.0
2534,vanadium redox flow battery,vanadium redox battery (vrb),round trip efficiency - dc,percent,control,2025,78.0
2535,vanadium redox flow battery,vanadium redox battery (vrb),round trip efficiency - dc,percent,control,2030,80.0
2536,vanadium redox flow battery,vanadium redox battery (vrb),round trip efficiency - dc,percent,control,2035,80.0
2537,vanadium redox flow battery,vanadium redox battery (vrb),round trip efficiency - dc,percent,control,2040,83.0
2538,vanadium redox flow battery,vanadium redox battery (vrb),round trip efficiency - dc,percent,control,2050,85.0
2539,vanadium redox flow battery,vanadium redox battery (vrb),technical lifetime,years,lower,2030,25.0
2540,vanadium redox flow battery,vanadium redox battery (vrb),technical lifetime,years,lower,2050,30.0
2541,vanadium redox flow battery,vanadium redox battery (vrb),technical lifetime,years,upper,2030,35.0
2542,vanadium redox flow battery,vanadium redox battery (vrb),technical lifetime,years,upper,2050,50.0
2543,vanadium redox flow battery,vanadium redox battery (vrb),technical lifetime,years,control,2020,20.0
2544,vanadium redox flow battery,vanadium redox battery (vrb),technical lifetime,years,control,2025,25.0
2545,vanadium redox flow battery,vanadium redox battery (vrb),technical lifetime,years,control,2030,30.0
2546,vanadium redox flow battery,vanadium redox battery (vrb),technical lifetime,years,control,2035,30.0
2547,vanadium redox flow battery,vanadium redox battery (vrb),technical lifetime,years,control,2040,35.0
2548,vanadium redox flow battery,vanadium redox battery (vrb),technical lifetime,years,control,2050,40.0
2549,vanadium redox flow battery,vanadium redox battery (vrb),capacity component,EUR_2020/MW,lower,2030,280000.0
2550,vanadium redox flow battery,vanadium redox battery (vrb),capacity component,EUR_2020/MW,lower,2050,150000.0
2551,vanadium redox flow battery,vanadium redox battery (vrb),capacity component,EUR_2020/MW,upper,2030,380000.0
2552,vanadium redox flow battery,vanadium redox battery (vrb),capacity component,EUR_2020/MW,upper,2050,250000.0
2553,vanadium redox flow battery,vanadium redox battery (vrb),capacity component,EUR_2020/MW,control,2020,480000.0
2554,vanadium redox flow battery,vanadium redox battery (vrb),capacity component,EUR_2020/MW,control,2025,380000.0
2555,vanadium redox flow battery,vanadium redox battery (vrb),capacity component,EUR_2020/MW,control,2030,330000.0
2556,vanadium redox flow battery,vanadium redox battery (vrb),capacity component,EUR_2020/MW,control,2035,280000.0
2557,vanadium redox flow battery,vanadium redox battery (vrb),capacity component,EUR_2020/MW,control,2040,250000.0
2558,vanadium redox flow battery,vanadium redox battery (vrb),capacity component,EUR_2020/MW,control,2050,230000.0
2559,vanadium redox flow battery,vanadium redox battery (vrb),energy component,EUR_2020/MWh,lower,2030,110000.0
2560,vanadium redox flow battery,vanadium redox battery (vrb),energy component,EUR_2020/MWh,lower,2050,30000.0
2561,vanadium redox flow battery,vanadium redox battery (vrb),energy component,EUR_2020/MWh,upper,2030,190000.0
2562,vanadium redox flow battery,vanadium redox battery (vrb),energy component,EUR_2020/MWh,upper,2050,70000.0
2563,vanadium redox flow battery,vanadium redox battery (vrb),energy component,EUR_2020/MWh,control,2020,190000.0
2564,vanadium redox flow battery,vanadium redox battery (vrb),energy component,EUR_2020/MWh,control,2025,190000.0
2565,vanadium redox flow battery,vanadium redox battery (vrb),energy component,EUR_2020/MWh,control,2030,140000.0
2566,vanadium redox flow battery,vanadium redox battery (vrb),energy component,EUR_2020/MWh,control,2035,110000.0
2567,vanadium redox flow battery,vanadium redox battery (vrb),energy component,EUR_2020/MWh,control,2040,73000.0
2568,vanadium redox flow battery,vanadium redox battery (vrb),energy component,EUR_2020/MWh,control,2050,45000.0
2569,vanadium redox flow battery,vanadium redox battery (vrb),other project costs,EUR_2020/MWh,lower,2030,130000.0
2570,vanadium redox flow battery,vanadium redox battery (vrb),other project costs,EUR_2020/MWh,lower,2050,70000.0
2571,vanadium redox flow battery,vanadium redox battery (vrb),other project costs,EUR_2020/MWh,upper,2030,140000.0
2572,vanadium redox flow battery,vanadium redox battery (vrb),other project costs,EUR_2020/MWh,upper,2050,130000.0
2573,vanadium redox flow battery,vanadium redox battery (vrb),other project costs,EUR_2020/MWh,control,2020,200000.0
2574,vanadium redox flow battery,vanadium redox battery (vrb),other project costs,EUR_2020/MWh,control,2025,150000.0
2575,vanadium redox flow battery,vanadium redox battery (vrb),other project costs,EUR_2020/MWh,control,2030,130000.0
2576,vanadium redox flow battery,vanadium redox battery (vrb),other project costs,EUR_2020/MWh,control,2035,130000.0
2577,vanadium redox flow battery,vanadium redox battery (vrb),other project costs,EUR_2020/MWh,control,2040,125000.0
2578,vanadium redox flow battery,vanadium redox battery (vrb),other project costs,EUR_2020/MWh,control,2050,120000.0
2579,vanadium redox flow battery,vanadium redox battery (vrb),fixed o&m,EUR_2020/MW/year,lower,2030,2320.0
2580,vanadium redox flow battery,vanadium redox battery (vrb),fixed o&m,EUR_2020/MW/year,lower,2050,743.0
2581,vanadium redox flow battery,vanadium redox battery (vrb),fixed o&m,EUR_2020/MW/year,upper,2030,6557.0
2582,vanadium redox flow battery,vanadium redox battery (vrb),fixed o&m,EUR_2020/MW/year,upper,2050,3875.0
2583,vanadium redox flow battery,vanadium redox battery (vrb),fixed o&m,EUR_2020/MW/year,control,2020,6300.0
2584,vanadium redox flow battery,vanadium redox battery (vrb),fixed o&m,EUR_2020/MW/year,control,2025,3975.0
2585,vanadium redox flow battery,vanadium redox battery (vrb),fixed o&m,EUR_2020/MW/year,control,2030,4088.0
2586,vanadium redox flow battery,vanadium redox battery (vrb),fixed o&m,EUR_2020/MW/year,control,2035,3467.0
2587,vanadium redox flow battery,vanadium redox battery (vrb),fixed o&m,EUR_2020/MW/year,control,2040,2927.0
2588,vanadium redox flow battery,vanadium redox battery (vrb),fixed o&m,EUR_2020/MW/year,control,2050,2388.0
2589,vanadium redox flow battery,vanadium redox battery (vrb),specific investment,EUR_2020/MWh,lower,2030,464000.0
2590,vanadium redox flow battery,vanadium redox battery (vrb),specific investment,EUR_2020/MWh,lower,2050,186000.0
2591,vanadium redox flow battery,vanadium redox battery (vrb),specific investment,EUR_2020/MWh,upper,2030,656000.0
2592,vanadium redox flow battery,vanadium redox battery (vrb),specific investment,EUR_2020/MWh,upper,2050,388000.0
2593,vanadium redox flow battery,vanadium redox battery (vrb),specific investment,EUR_2020/MWh,control,2020,630000.0
2594,vanadium redox flow battery,vanadium redox battery (vrb),specific investment,EUR_2020/MWh,control,2025,530000.0
2595,vanadium redox flow battery,vanadium redox battery (vrb),specific investment,EUR_2020/MWh,control,2030,545000.0
2596,vanadium redox flow battery,vanadium redox battery (vrb),specific investment,EUR_2020/MWh,control,2035,462000.0
2597,vanadium redox flow battery,vanadium redox battery (vrb),specific investment,EUR_2020/MWh,control,2040,390000.0
2598,vanadium redox flow battery,vanadium redox battery (vrb),specific investment,EUR_2020/MWh,control,2050,318000.0
2599,vanadium redox flow battery,vanadium redox battery (vrb),variable o&m,EUR_2020/MWh,lower,2030,0.0
2600,vanadium redox flow battery,vanadium redox battery (vrb),variable o&m,EUR_2020/MWh,lower,2050,0.0
2601,vanadium redox flow battery,vanadium redox battery (vrb),variable o&m,EUR_2020/MWh,upper,2030,0.0
2602,vanadium redox flow battery,vanadium redox battery (vrb),variable o&m,EUR_2020/MWh,upper,2050,0.0
2603,vanadium redox flow battery,vanadium redox battery (vrb),variable o&m,EUR_2020/MWh,control,2020,0.0
2604,vanadium redox flow battery,vanadium redox battery (vrb),variable o&m,EUR_2020/MWh,control,2025,0.0
2605,vanadium redox flow battery,vanadium redox battery (vrb),variable o&m,EUR_2020/MWh,control,2030,0.0
2606,vanadium redox flow battery,vanadium redox battery (vrb),variable o&m,EUR_2020/MWh,control,2035,0.0
2607,vanadium redox flow battery,vanadium redox battery (vrb),variable o&m,EUR_2020/MWh,control,2040,0.0
2608,vanadium redox flow battery,vanadium redox battery (vrb),variable o&m,EUR_2020/MWh,control,2050,0.0
2609,vanadium redox flow battery,vanadium redox battery (vrb),response time from full-rated charge to full-rated discharge,sec,lower,2030,0.05
2610,vanadium redox flow battery,vanadium redox battery (vrb),response time from full-rated charge to full-rated discharge,sec,lower,2050,0.05
2611,vanadium redox flow battery,vanadium redox battery (vrb),response time from full-rated charge to full-rated discharge,sec,upper,2030,0.2
2612,vanadium redox flow battery,vanadium redox battery (vrb),response time from full-rated charge to full-rated discharge,sec,upper,2050,0.2
2613,vanadium redox flow battery,vanadium redox battery (vrb),response time from full-rated charge to full-rated discharge,sec,control,2020,0.1
2614,vanadium redox flow battery,vanadium redox battery (vrb),response time from full-rated charge to full-rated discharge,sec,control,2025,0.1
2615,vanadium redox flow battery,vanadium redox battery (vrb),response time from full-rated charge to full-rated discharge,sec,control,2030,0.1
2616,vanadium redox flow battery,vanadium redox battery (vrb),response time from full-rated charge to full-rated discharge,sec,control,2035,0.1
2617,vanadium redox flow battery,vanadium redox battery (vrb),response time from full-rated charge to full-rated discharge,sec,control,2040,0.1
2618,vanadium redox flow battery,vanadium redox battery (vrb),response time from full-rated charge to full-rated discharge,sec,control,2050,0.1
2619,vanadium redox flow battery,vanadium redox battery (vrb),response time from idle to full-rated discharge,sec,lower,2030,0.05
2620,vanadium redox flow battery,vanadium redox battery (vrb),response time from idle to full-rated discharge,sec,lower,2050,0.05
2621,vanadium redox flow battery,vanadium redox battery (vrb),response time from idle to full-rated discharge,sec,upper,2030,0.25
2622,vanadium redox flow battery,vanadium redox battery (vrb),response time from idle to full-rated discharge,sec,upper,2050,0.2
2623,vanadium redox flow battery,vanadium redox battery (vrb),response time from idle to full-rated discharge,sec,control,2020,0.25
2624,vanadium redox flow battery,vanadium redox battery (vrb),response time from idle to full-rated discharge,sec,control,2025,0.2
2625,vanadium redox flow battery,vanadium redox battery (vrb),response time from idle to full-rated discharge,sec,control,2030,0.1
2626,vanadium redox flow battery,vanadium redox battery (vrb),response time from idle to full-rated discharge,sec,control,2035,0.1
2627,vanadium redox flow battery,vanadium redox battery (vrb),response time from idle to full-rated discharge,sec,control,2040,0.1
2628,vanadium redox flow battery,vanadium redox battery (vrb),response time from idle to full-rated discharge,sec,control,2050,0.1
2629,vanadium redox flow battery,vanadium redox battery (vrb),energy density,Wh/meter**3,lower,2030,7407.0
2630,vanadium redox flow battery,vanadium redox battery (vrb),energy density,Wh/meter**3,lower,2050,10370.0
2631,vanadium redox flow battery,vanadium redox battery (vrb),energy density,Wh/meter**3,upper,2030,11111.0
2632,vanadium redox flow battery,vanadium redox battery (vrb),energy density,Wh/meter**3,upper,2050,11852.0
2633,vanadium redox flow battery,vanadium redox battery (vrb),energy density,Wh/meter**3,control,2020,7407.0
2634,vanadium redox flow battery,vanadium redox battery (vrb),energy density,Wh/meter**3,control,2025,7407.0
2635,vanadium redox flow battery,vanadium redox battery (vrb),energy density,Wh/meter**3,control,2030,8880.0
2636,vanadium redox flow battery,vanadium redox battery (vrb),energy density,Wh/meter**3,control,2035,9438.0
2637,vanadium redox flow battery,vanadium redox battery (vrb),energy density,Wh/meter**3,control,2040,9996.0
2638,vanadium redox flow battery,vanadium redox battery (vrb),energy density,Wh/meter**3,control,2050,11111.0
2639,vanadium redox flow battery,vanadium redox battery (vrb),energy storage expansion cost,EUR_2020/MWh,lower,2030,120000.0
2640,vanadium redox flow battery,vanadium redox battery (vrb),energy storage expansion cost,EUR_2020/MWh,lower,2050,300000.0
2641,vanadium redox flow battery,vanadium redox battery (vrb),energy storage expansion cost,EUR_2020/MWh,upper,2030,200000.0
2642,vanadium redox flow battery,vanadium redox battery (vrb),energy storage expansion cost,EUR_2020/MWh,upper,2050,120000.0
2643,vanadium redox flow battery,vanadium redox battery (vrb),energy storage expansion cost,EUR_2020/MWh,control,2020,200000.0
2644,vanadium redox flow battery,vanadium redox battery (vrb),energy storage expansion cost,EUR_2020/MWh,control,2025,200000.0
2645,vanadium redox flow battery,vanadium redox battery (vrb),energy storage expansion cost,EUR_2020/MWh,control,2030,150000.0
2646,vanadium redox flow battery,vanadium redox battery (vrb),energy storage expansion cost,EUR_2020/MWh,control,2035,120000.0
2647,vanadium redox flow battery,vanadium redox battery (vrb),energy storage expansion cost,EUR_2020/MWh,control,2040,80000.0
2648,vanadium redox flow battery,vanadium redox battery (vrb),energy storage expansion cost,EUR_2020/MWh,control,2050,50000.0
2649,vanadium redox flow battery,vanadium redox battery (vrb),lifetime in total number of cycles,cycles,lower,2030,20000.0
2650,vanadium redox flow battery,vanadium redox battery (vrb),lifetime in total number of cycles,cycles,lower,2050,40000.0
2651,vanadium redox flow battery,vanadium redox battery (vrb),lifetime in total number of cycles,cycles,upper,2030,40000.0
2652,vanadium redox flow battery,vanadium redox battery (vrb),lifetime in total number of cycles,cycles,upper,2050,200000.0
2653,vanadium redox flow battery,vanadium redox battery (vrb),lifetime in total number of cycles,cycles,control,2020,20000.0
2657,vanadium redox flow battery,vanadium redox battery (vrb),lifetime in total number of cycles,cycles,control,2040,100000.0
2659,vanadium redox flow battery,vanadium redox battery (vrb),power capacity expansion cost,EUR_2020/MW,lower,2030,300000.0
2660,vanadium redox flow battery,vanadium redox battery (vrb),power capacity expansion cost,EUR_2020/MW,lower,2050,150000.0
2661,vanadium redox flow battery,vanadium redox battery (vrb),power capacity expansion cost,EUR_2020/MW,upper,2030,400000.0
2662,vanadium redox flow battery,vanadium redox battery (vrb),power capacity expansion cost,EUR_2020/MW,upper,2050,400000.0
2663,vanadium redox flow battery,vanadium redox battery (vrb),power capacity expansion cost,EUR_2020/MW,control,2020,500000.0
2664,vanadium redox flow battery,vanadium redox battery (vrb),power capacity expansion cost,EUR_2020/MW,control,2025,400000.0
2665,vanadium redox flow battery,vanadium redox battery (vrb),power capacity expansion cost,EUR_2020/MW,control,2030,350000.0
2666,vanadium redox flow battery,vanadium redox battery (vrb),power capacity expansion cost,EUR_2020/MW,control,2035,300000.0
2667,vanadium redox flow battery,vanadium redox battery (vrb),power capacity expansion cost,EUR_2020/MW,control,2040,270000.0
2668,vanadium redox flow battery,vanadium redox battery (vrb),power capacity expansion cost,EUR_2020/MW,control,2050,250000.0
2669,vanadium redox flow battery,vanadium redox battery (vrb),power density,W/meter**3,lower,2030,3704.0
2670,vanadium redox flow battery,vanadium redox battery (vrb),power density,W/meter**3,lower,2050,3704.0
2671,vanadium redox flow battery,vanadium redox battery (vrb),power density,W/meter**3,upper,2030,8889.0
2672,vanadium redox flow battery,vanadium redox battery (vrb),power density,W/meter**3,upper,2050,8889.0
2673,vanadium redox flow battery,vanadium redox battery (vrb),power density,W/meter**3,control,2020,3704.0
2674,vanadium redox flow battery,vanadium redox battery (vrb),power density,W/meter**3,control,2025,3704.0
2675,vanadium redox flow battery,vanadium redox battery (vrb),power density,W/meter**3,control,2030,7407.0
2676,vanadium redox flow battery,vanadium redox battery (vrb),power density,W/meter**3,control,2035,7407.0
2677,vanadium redox flow battery,vanadium redox battery (vrb),power density,W/meter**3,control,2040,7407.0
2678,vanadium redox flow battery,vanadium redox battery (vrb),power density,W/meter**3,control,2050,7407.0
2679,vanadium redox flow battery,vanadium redox battery (vrb),specific energy,Wh/kg,lower,2030,16.5
2680,vanadium redox flow battery,vanadium redox battery (vrb),specific energy,Wh/kg,lower,2050,23.0
2681,vanadium redox flow battery,vanadium redox battery (vrb),specific energy,Wh/kg,upper,2030,24.6
2682,vanadium redox flow battery,vanadium redox battery (vrb),specific energy,Wh/kg,upper,2050,26.25
2683,vanadium redox flow battery,vanadium redox battery (vrb),specific energy,Wh/kg,control,2020,16.5
2684,vanadium redox flow battery,vanadium redox battery (vrb),specific energy,Wh/kg,control,2025,16.5
2685,vanadium redox flow battery,vanadium redox battery (vrb),specific energy,Wh/kg,control,2030,19.7
2686,vanadium redox flow battery,vanadium redox battery (vrb),specific energy,Wh/kg,control,2035,22.6
2687,vanadium redox flow battery,vanadium redox battery (vrb),specific energy,Wh/kg,control,2040,23.4
2688,vanadium redox flow battery,vanadium redox battery (vrb),specific energy,Wh/kg,control,2050,24.6
2689,vanadium redox flow battery,vanadium redox battery (vrb),specific power,W/kg,lower,2030,8.25
2690,vanadium redox flow battery,vanadium redox battery (vrb),specific power,W/kg,lower,2050,8.25
2691,vanadium redox flow battery,vanadium redox battery (vrb),specific power,W/kg,upper,2030,16.5
2692,vanadium redox flow battery,vanadium redox battery (vrb),specific power,W/kg,upper,2050,16.5
2693,vanadium redox flow battery,vanadium redox battery (vrb),specific power,W/kg,control,2020,8.25
2694,vanadium redox flow battery,vanadium redox battery (vrb),specific power,W/kg,control,2025,8.25
2695,vanadium redox flow battery,vanadium redox battery (vrb),specific power,W/kg,control,2030,16.5
2696,vanadium redox flow battery,vanadium redox battery (vrb),specific power,W/kg,control,2035,16.5
2697,vanadium redox flow battery,vanadium redox battery (vrb),specific power,W/kg,control,2040,16.5
2698,vanadium redox flow battery,vanadium redox battery (vrb),specific power,W/kg,control,2050,16.5
2723,na-s battery,nas battery,construction time,years,lower,2020,0.2
2724,na-s battery,nas battery,construction time,years,lower,2050,0.2
2725,na-s battery,nas battery,construction time,years,upper,2020,2.0
2726,na-s battery,nas battery,construction time,years,upper,2050,2.0
2727,na-s battery,nas battery,construction time,years,control,2015,0.5
2728,na-s battery,nas battery,construction time,years,control,2020,0.5
2729,na-s battery,nas battery,construction time,years,control,2030,0.5
2730,na-s battery,nas battery,construction time,years,control,2050,0.5
2731,na-s battery,nas battery,energy losses during storage,percent/day,lower,2020,0.0
2732,na-s battery,nas battery,energy losses during storage,percent/day,lower,2050,0.0
2733,na-s battery,nas battery,energy losses during storage,percent/day,upper,2020,1.0
2734,na-s battery,nas battery,energy losses during storage,percent/day,upper,2050,1.0
2735,na-s battery,nas battery,energy losses during storage,percent/day,control,2015,0.0
2736,na-s battery,nas battery,energy losses during storage,percent/day,control,2020,0.0
2737,na-s battery,nas battery,energy losses during storage,percent/day,control,2030,0.0
2738,na-s battery,nas battery,energy losses during storage,percent/day,control,2050,0.0
2739,na-s battery,nas battery,energy storage capacity for one unit,MWh,lower,2020,30.0
2740,na-s battery,nas battery,energy storage capacity for one unit,MWh,lower,2050,30.0
2741,na-s battery,nas battery,energy storage capacity for one unit,MWh,upper,2020,3000.0
2742,na-s battery,nas battery,energy storage capacity for one unit,MWh,upper,2050,3000.0
2743,na-s battery,nas battery,energy storage capacity for one unit,MWh,control,2015,250.0
2744,na-s battery,nas battery,energy storage capacity for one unit,MWh,control,2020,300.0
2745,na-s battery,nas battery,energy storage capacity for one unit,MWh,control,2030,300.0
2746,na-s battery,nas battery,energy storage capacity for one unit,MWh,control,2050,300.0
2747,na-s battery,nas battery,forced outage,percent,lower,2020,0.0
2748,na-s battery,nas battery,forced outage,percent,lower,2050,0.0
2749,na-s battery,nas battery,forced outage,percent,upper,2020,2.0
2750,na-s battery,nas battery,forced outage,percent,upper,2050,2.0
2751,na-s battery,nas battery,forced outage,percent,control,2015,0.0
2752,na-s battery,nas battery,forced outage,percent,control,2020,0.0
2753,na-s battery,nas battery,forced outage,percent,control,2030,0.0
2754,na-s battery,nas battery,forced outage,percent,control,2050,0.0
2763,na-s battery,nas battery,input capacity for one unit,MW,lower,2020,5.0
2764,na-s battery,nas battery,input capacity for one unit,MW,lower,2050,5.0
2765,na-s battery,nas battery,input capacity for one unit,MW,upper,2020,500.0
2766,na-s battery,nas battery,input capacity for one unit,MW,upper,2050,500.0
2767,na-s battery,nas battery,input capacity for one unit,MW,control,2015,35.0
2768,na-s battery,nas battery,input capacity for one unit,MW,control,2020,50.0
2769,na-s battery,nas battery,input capacity for one unit,MW,control,2030,50.0
2770,na-s battery,nas battery,input capacity for one unit,MW,control,2050,50.0
2771,na-s battery,nas battery,output capacity for one unit,MW,lower,2020,5.0
2772,na-s battery,nas battery,output capacity for one unit,MW,lower,2050,5.0
2773,na-s battery,nas battery,output capacity for one unit,MW,upper,2020,500.0
2774,na-s battery,nas battery,output capacity for one unit,MW,upper,2050,500.0
2775,na-s battery,nas battery,output capacity for one unit,MW,control,2015,35.0
2776,na-s battery,nas battery,output capacity for one unit,MW,control,2020,50.0
2777,na-s battery,nas battery,output capacity for one unit,MW,control,2030,50.0
2778,na-s battery,nas battery,output capacity for one unit,MW,control,2050,50.0
2779,na-s battery,nas battery,planned outage,weeks/year,lower,2020,0.0
2780,na-s battery,nas battery,planned outage,weeks/year,lower,2050,0.0
2781,na-s battery,nas battery,planned outage,weeks/year,upper,2020,0.0
2782,na-s battery,nas battery,planned outage,weeks/year,upper,2050,0.0
2783,na-s battery,nas battery,planned outage,weeks/year,control,2015,0.0
2784,na-s battery,nas battery,planned outage,weeks/year,control,2020,0.0
2785,na-s battery,nas battery,planned outage,weeks/year,control,2030,0.0
2786,na-s battery,nas battery,planned outage,weeks/year,control,2050,0.0
2787,na-s battery,nas battery,round trip efficiency dc,percent,lower,2020,71.0
2788,na-s battery,nas battery,round trip efficiency dc,percent,lower,2050,74.0
2789,na-s battery,nas battery,round trip efficiency dc,percent,upper,2020,92.0
2790,na-s battery,nas battery,round trip efficiency dc,percent,upper,2050,96.0
2791,na-s battery,nas battery,round trip efficiency dc,percent,control,2015,83.0
2792,na-s battery,nas battery,round trip efficiency dc,percent,control,2020,83.0
2793,na-s battery,nas battery,round trip efficiency dc,percent,control,2030,85.0
2794,na-s battery,nas battery,round trip efficiency dc,percent,control,2050,85.0
2795,na-s battery,nas battery,technical lifetime,years,lower,2020,10.0
2796,na-s battery,nas battery,technical lifetime,years,lower,2050,14.0
2797,na-s battery,nas battery,technical lifetime,years,upper,2020,28.0
2798,na-s battery,nas battery,technical lifetime,years,upper,2050,36.0
2799,na-s battery,nas battery,technical lifetime,years,control,2015,15.0
2800,na-s battery,nas battery,technical lifetime,years,control,2020,19.0
2801,na-s battery,nas battery,technical lifetime,years,control,2030,24.0
2802,na-s battery,nas battery,technical lifetime,years,control,2050,24.0
2803,na-s battery,nas battery,capacity component,EUR_2020/MW,lower,2020,234000.0
2804,na-s battery,nas battery,capacity component,EUR_2020/MW,lower,2050,191000.0
2805,na-s battery,nas battery,capacity component,EUR_2020/MW,upper,2020,829000.0
2806,na-s battery,nas battery,capacity component,EUR_2020/MW,upper,2050,681000.0
2807,na-s battery,nas battery,capacity component,EUR_2020/MW,control,2015,670000.0
2808,na-s battery,nas battery,capacity component,EUR_2020/MW,control,2020,436000.0
2809,na-s battery,nas battery,capacity component,EUR_2020/MW,control,2030,351000.0
2810,na-s battery,nas battery,capacity component,EUR_2020/MW,control,2050,351000.0
2811,na-s battery,nas battery,energy component,EUR_2020/MWh,lower,2020,191000.0
2812,na-s battery,nas battery,energy component,EUR_2020/MWh,lower,2050,85000.0
2813,na-s battery,nas battery,energy component,EUR_2020/MWh,upper,2020,532000.0
2814,na-s battery,nas battery,energy component,EUR_2020/MWh,upper,2050,245000.0
2815,na-s battery,nas battery,energy component,EUR_2020/MWh,control,2015,330000.0
2816,na-s battery,nas battery,energy component,EUR_2020/MWh,control,2020,266000.0
2817,na-s battery,nas battery,energy component,EUR_2020/MWh,control,2030,149000.0
2818,na-s battery,nas battery,energy component,EUR_2020/MWh,control,2050,117000.0
2819,na-s battery,nas battery,other project costs,EUR_2020/MWh,lower,2020,43000.0
2820,na-s battery,nas battery,other project costs,EUR_2020/MWh,lower,2050,21000.0
2821,na-s battery,nas battery,other project costs,EUR_2020/MWh,upper,2020,106000.0
2822,na-s battery,nas battery,other project costs,EUR_2020/MWh,upper,2050,53000.0
2823,na-s battery,nas battery,other project costs,EUR_2020/MWh,control,2015,64000.0
2824,na-s battery,nas battery,other project costs,EUR_2020/MWh,control,2020,53000.0
2825,na-s battery,nas battery,other project costs,EUR_2020/MWh,control,2030,32000.0
2826,na-s battery,nas battery,other project costs,EUR_2020/MWh,control,2050,32000.0
2827,na-s battery,nas battery,fixed o&m,percent,lower,2020,0.8
2828,na-s battery,nas battery,fixed o&m,percent,lower,2050,0.8
2829,na-s battery,nas battery,fixed o&m,percent,upper,2020,7.2
2830,na-s battery,nas battery,fixed o&m,percent,upper,2050,7.2
2831,na-s battery,nas battery,fixed o&m,percent,control,2015,1.5
2832,na-s battery,nas battery,fixed o&m,percent,control,2020,1.5
2833,na-s battery,nas battery,fixed o&m,percent,control,2030,1.5
2834,na-s battery,nas battery,fixed o&m,percent,control,2050,1.5
2835,na-s battery,nas battery,specific investment,EUR_2020/MWh,lower,2020,266000.0
2836,na-s battery,nas battery,specific investment,EUR_2020/MWh,lower,2050,138000.0
2837,na-s battery,nas battery,specific investment,EUR_2020/MWh,upper,2020,776000.0
2838,na-s battery,nas battery,specific investment,EUR_2020/MWh,upper,2050,415000.0
2839,na-s battery,nas battery,specific investment,EUR_2020/MWh,control,2015,489000.0
2840,na-s battery,nas battery,specific investment,EUR_2020/MWh,control,2020,393000.0
2841,na-s battery,nas battery,specific investment,EUR_2020/MWh,control,2030,245000.0
2842,na-s battery,nas battery,specific investment,EUR_2020/MWh,control,2050,213000.0
2843,na-s battery,nas battery,variable o&m,EUR_2020/MWh,lower,2020,0.319
2844,na-s battery,nas battery,variable o&m,EUR_2020/MWh,lower,2050,0.319
2845,na-s battery,nas battery,variable o&m,EUR_2020/MWh,upper,2020,5.955
2846,na-s battery,nas battery,variable o&m,EUR_2020/MWh,upper,2050,5.955
2847,na-s battery,nas battery,variable o&m,EUR_2020/MWh,control,2015,1.914
2848,na-s battery,nas battery,variable o&m,EUR_2020/MWh,control,2020,1.914
2849,na-s battery,nas battery,variable o&m,EUR_2020/MWh,control,2030,1.914
2850,na-s battery,nas battery,variable o&m,EUR_2020/MWh,control,2050,1.914
2851,na-s battery,nas battery,response time from full-rated charge to full-rated discharge,sec,lower,2020,0.001
2852,na-s battery,nas battery,response time from full-rated charge to full-rated discharge,sec,lower,2050,0.001
2853,na-s battery,nas battery,response time from full-rated charge to full-rated discharge,sec,upper,2020,0.05
2854,na-s battery,nas battery,response time from full-rated charge to full-rated discharge,sec,upper,2050,0.05
2855,na-s battery,nas battery,response time from full-rated charge to full-rated discharge,sec,control,2015,0.05
2856,na-s battery,nas battery,response time from full-rated charge to full-rated discharge,sec,control,2020,0.05
2857,na-s battery,nas battery,response time from full-rated charge to full-rated discharge,sec,control,2030,0.05
2858,na-s battery,nas battery,response time from full-rated charge to full-rated discharge,sec,control,2050,0.05
2859,na-s battery,nas battery,response time from idle to full-rated discharge,sec,lower,2020,0.001
2860,na-s battery,nas battery,response time from idle to full-rated discharge,sec,lower,2050,0.001
2861,na-s battery,nas battery,response time from idle to full-rated discharge,sec,upper,2020,0.02
2862,na-s battery,nas battery,response time from idle to full-rated discharge,sec,upper,2050,0.02
2863,na-s battery,nas battery,response time from idle to full-rated discharge,sec,control,2015,0.001
2864,na-s battery,nas battery,response time from idle to full-rated discharge,sec,control,2020,0.001
2865,na-s battery,nas battery,response time from idle to full-rated discharge,sec,control,2030,0.001
2866,na-s battery,nas battery,response time from idle to full-rated discharge,sec,control,2050,0.001
2867,na-s battery,nas battery,alternative investment cost,EUR_2020/MW,lower,2020,1595000.0
2868,na-s battery,nas battery,alternative investment cost,EUR_2020/MW,lower,2050,851000.0
2869,na-s battery,nas battery,alternative investment cost,EUR_2020/MW,upper,2020,4679000.0
2870,na-s battery,nas battery,alternative investment cost,EUR_2020/MW,upper,2050,2446000.0
2871,na-s battery,nas battery,alternative investment cost,EUR_2020/MW,control,2015,3509000.0
2872,na-s battery,nas battery,alternative investment cost,EUR_2020/MW,control,2020,2339000.0
2873,na-s battery,nas battery,alternative investment cost,EUR_2020/MW,control,2030,1489000.0
2874,na-s battery,nas battery,alternative investment cost,EUR_2020/MW,control,2050,1276000.0
2875,na-s battery,nas battery,energy density,Wh/meter**3,lower,2020,19500.0
2876,na-s battery,nas battery,energy density,Wh/meter**3,lower,2050,19500.0
2877,na-s battery,nas battery,energy density,Wh/meter**3,upper,2020,32500.0
2878,na-s battery,nas battery,energy density,Wh/meter**3,upper,2050,32500.0
2879,na-s battery,nas battery,energy density,Wh/meter**3,control,2015,26000.0
2880,na-s battery,nas battery,energy density,Wh/meter**3,control,2020,26000.0
2881,na-s battery,nas battery,energy density,Wh/meter**3,control,2030,26000.0
2882,na-s battery,nas battery,energy density,Wh/meter**3,control,2050,26000.0
2883,na-s battery,nas battery,lifetime in total number of cycles,cycles,lower,2020,1100.0
2884,na-s battery,nas battery,lifetime in total number of cycles,cycles,lower,2050,1500.0
2885,na-s battery,nas battery,lifetime in total number of cycles,cycles,upper,2020,11200.0
2886,na-s battery,nas battery,lifetime in total number of cycles,cycles,upper,2050,15000.0
2887,na-s battery,nas battery,lifetime in total number of cycles,cycles,control,2015,4500.0
2888,na-s battery,nas battery,lifetime in total number of cycles,cycles,control,2020,5600.0
2889,na-s battery,nas battery,lifetime in total number of cycles,cycles,control,2030,7500.0
2890,na-s battery,nas battery,lifetime in total number of cycles,cycles,control,2050,7500.0
2891,na-s battery,nas battery,power density,W/meter**3,lower,2020,3225.0
2892,na-s battery,nas battery,power density,W/meter**3,lower,2050,3225.0
2893,na-s battery,nas battery,power density,W/meter**3,upper,2020,5375.0
2894,na-s battery,nas battery,power density,W/meter**3,upper,2050,5375.0
2895,na-s battery,nas battery,power density,W/meter**3,control,2015,4300.0
2896,na-s battery,nas battery,power density,W/meter**3,control,2020,4300.0
2897,na-s battery,nas battery,power density,W/meter**3,control,2030,4300.0
2898,na-s battery,nas battery,power density,W/meter**3,control,2050,4.3
2899,na-s battery,nas battery,specific energy,Wh/kg,lower,2020,42.0
2900,na-s battery,nas battery,specific energy,Wh/kg,lower,2050,42.0
2901,na-s battery,nas battery,specific energy,Wh/kg,upper,2020,70.0
2902,na-s battery,nas battery,specific energy,Wh/kg,upper,2050,70.0
2903,na-s battery,nas battery,specific energy,Wh/kg,control,2015,56.0
2904,na-s battery,nas battery,specific energy,Wh/kg,control,2020,56.0
2905,na-s battery,nas battery,specific energy,Wh/kg,control,2030,56.0
2906,na-s battery,nas battery,specific energy,Wh/kg,control,2050,56.0
2907,na-s battery,nas battery,specific power,W/kg,lower,2020,6.98
2908,na-s battery,nas battery,specific power,W/kg,lower,2050,6.98
2909,na-s battery,nas battery,specific power,W/kg,upper,2020,11.63
2910,na-s battery,nas battery,specific power,W/kg,upper,2050,11.63
2911,na-s battery,nas battery,specific power,W/kg,control,2015,9.3
2912,na-s battery,nas battery,specific power,W/kg,control,2020,9.3
2913,na-s battery,nas battery,specific power,W/kg,control,2030,9.3
2914,na-s battery,nas battery,specific power,W/kg,control,2050,9.3
2935,na-nicl2 battery,na-nicl2 battery,construction time,years,lower,2020,0.2
2936,na-nicl2 battery,na-nicl2 battery,construction time,years,lower,2050,0.2
2937,na-nicl2 battery,na-nicl2 battery,construction time,years,upper,2020,2.0
2938,na-nicl2 battery,na-nicl2 battery,construction time,years,upper,2050,2.0
2939,na-nicl2 battery,na-nicl2 battery,construction time,years,control,2015,0.5
2940,na-nicl2 battery,na-nicl2 battery,construction time,years,control,2020,0.5
2941,na-nicl2 battery,na-nicl2 battery,construction time,years,control,2030,0.5
2942,na-nicl2 battery,na-nicl2 battery,construction time,years,control,2050,0.5
2943,na-nicl2 battery,na-nicl2 battery,energy losses during storage,percent/day,lower,2020,0.0
2944,na-nicl2 battery,na-nicl2 battery,energy losses during storage,percent/day,lower,2050,0.0
2945,na-nicl2 battery,na-nicl2 battery,energy losses during storage,percent/day,upper,2020,15.0
2946,na-nicl2 battery,na-nicl2 battery,energy losses during storage,percent/day,upper,2050,15.0
2947,na-nicl2 battery,na-nicl2 battery,energy losses during storage,percent/day,control,2015,0.0
2948,na-nicl2 battery,na-nicl2 battery,energy losses during storage,percent/day,control,2020,0.0
2949,na-nicl2 battery,na-nicl2 battery,energy losses during storage,percent/day,control,2030,0.0
2950,na-nicl2 battery,na-nicl2 battery,energy losses during storage,percent/day,control,2050,0.0
2951,na-nicl2 battery,na-nicl2 battery,energy storage capacity for one unit,MWh,lower,2020,3.11
2952,na-nicl2 battery,na-nicl2 battery,energy storage capacity for one unit,MWh,lower,2050,3.11
2953,na-nicl2 battery,na-nicl2 battery,energy storage capacity for one unit,MWh,upper,2020,5.19
2954,na-nicl2 battery,na-nicl2 battery,energy storage capacity for one unit,MWh,upper,2050,5.19
2955,na-nicl2 battery,na-nicl2 battery,energy storage capacity for one unit,MWh,control,2015,4.43
2956,na-nicl2 battery,na-nicl2 battery,energy storage capacity for one unit,MWh,control,2020,4.15
2957,na-nicl2 battery,na-nicl2 battery,energy storage capacity for one unit,MWh,control,2030,4.15
2958,na-nicl2 battery,na-nicl2 battery,energy storage capacity for one unit,MWh,control,2050,4.15
2959,na-nicl2 battery,na-nicl2 battery,forced outage,percent,lower,2020,0.0
2960,na-nicl2 battery,na-nicl2 battery,forced outage,percent,lower,2050,0.0
2961,na-nicl2 battery,na-nicl2 battery,forced outage,percent,upper,2020,2.0
2962,na-nicl2 battery,na-nicl2 battery,forced outage,percent,upper,2050,2.0
2963,na-nicl2 battery,na-nicl2 battery,forced outage,percent,control,2015,0.0
2964,na-nicl2 battery,na-nicl2 battery,forced outage,percent,control,2020,0.0
2965,na-nicl2 battery,na-nicl2 battery,forced outage,percent,control,2030,0.0
2966,na-nicl2 battery,na-nicl2 battery,forced outage,percent,control,2050,0.0
2975,na-nicl2 battery,na-nicl2 battery,input capacity for one unit,MW,lower,2020,0.34
2976,na-nicl2 battery,na-nicl2 battery,input capacity for one unit,MW,lower,2050,0.34
2977,na-nicl2 battery,na-nicl2 battery,input capacity for one unit,MW,upper,2020,0.56
2978,na-nicl2 battery,na-nicl2 battery,input capacity for one unit,MW,upper,2050,0.56
2979,na-nicl2 battery,na-nicl2 battery,input capacity for one unit,MW,control,2015,0.42
2980,na-nicl2 battery,na-nicl2 battery,input capacity for one unit,MW,control,2020,0.45
2981,na-nicl2 battery,na-nicl2 battery,input capacity for one unit,MW,control,2030,0.45
2982,na-nicl2 battery,na-nicl2 battery,input capacity for one unit,MW,control,2050,0.45
2983,na-nicl2 battery,na-nicl2 battery,output capacity for one unit,MW,lower,2020,0.9
2984,na-nicl2 battery,na-nicl2 battery,output capacity for one unit,MW,lower,2050,0.9
2985,na-nicl2 battery,na-nicl2 battery,output capacity for one unit,MW,upper,2020,1.5
2986,na-nicl2 battery,na-nicl2 battery,output capacity for one unit,MW,upper,2050,1.5
2987,na-nicl2 battery,na-nicl2 battery,output capacity for one unit,MW,control,2015,1.13
2988,na-nicl2 battery,na-nicl2 battery,output capacity for one unit,MW,control,2020,1.2
2989,na-nicl2 battery,na-nicl2 battery,output capacity for one unit,MW,control,2030,1.2
2990,na-nicl2 battery,na-nicl2 battery,output capacity for one unit,MW,control,2050,1.2
2991,na-nicl2 battery,na-nicl2 battery,planned outage,weeks/year,lower,2020,0.0
2992,na-nicl2 battery,na-nicl2 battery,planned outage,weeks/year,lower,2050,0.0
2993,na-nicl2 battery,na-nicl2 battery,planned outage,weeks/year,upper,2020,0.0
2994,na-nicl2 battery,na-nicl2 battery,planned outage,weeks/year,upper,2050,0.0
2995,na-nicl2 battery,na-nicl2 battery,planned outage,weeks/year,control,2015,0.0
2996,na-nicl2 battery,na-nicl2 battery,planned outage,weeks/year,control,2020,0.0
2997,na-nicl2 battery,na-nicl2 battery,planned outage,weeks/year,control,2030,0.0
2998,na-nicl2 battery,na-nicl2 battery,planned outage,weeks/year,control,2050,0.0
2999,na-nicl2 battery,na-nicl2 battery,round trip efficiency dc,percent,lower,2020,81.0
3000,na-nicl2 battery,na-nicl2 battery,round trip efficiency dc,percent,lower,2050,83.0
3001,na-nicl2 battery,na-nicl2 battery,round trip efficiency dc,percent,upper,2020,93.0
3002,na-nicl2 battery,na-nicl2 battery,round trip efficiency dc,percent,upper,2050,95.0
3003,na-nicl2 battery,na-nicl2 battery,round trip efficiency dc,percent,control,2015,87.0
3004,na-nicl2 battery,na-nicl2 battery,round trip efficiency dc,percent,control,2020,87.0
3005,na-nicl2 battery,na-nicl2 battery,round trip efficiency dc,percent,control,2030,87.0
3006,na-nicl2 battery,na-nicl2 battery,round trip efficiency dc,percent,control,2050,87.0
3007,na-nicl2 battery,na-nicl2 battery,technical lifetime,years,lower,2020,9.0
3008,na-nicl2 battery,na-nicl2 battery,technical lifetime,years,lower,2050,12.0
3009,na-nicl2 battery,na-nicl2 battery,technical lifetime,years,upper,2020,25.0
3010,na-nicl2 battery,na-nicl2 battery,technical lifetime,years,upper,2050,33.0
3011,na-nicl2 battery,na-nicl2 battery,technical lifetime,years,control,2015,15.0
3012,na-nicl2 battery,na-nicl2 battery,technical lifetime,years,control,2020,17.0
3013,na-nicl2 battery,na-nicl2 battery,technical lifetime,years,control,2030,23.0
3014,na-nicl2 battery,na-nicl2 battery,technical lifetime,years,control,2050,23.0
3015,na-nicl2 battery,na-nicl2 battery,capacity component,EUR_2020/MW,lower,2020,319000.0
3016,na-nicl2 battery,na-nicl2 battery,capacity component,EUR_2020/MW,lower,2050,266000.0
3017,na-nicl2 battery,na-nicl2 battery,capacity component,EUR_2020/MW,upper,2020,617000.0
3018,na-nicl2 battery,na-nicl2 battery,capacity component,EUR_2020/MW,upper,2050,500000.0
3019,na-nicl2 battery,na-nicl2 battery,capacity component,EUR_2020/MW,control,2015,510000.0
3020,na-nicl2 battery,na-nicl2 battery,capacity component,EUR_2020/MW,control,2020,436000.0
3021,na-nicl2 battery,na-nicl2 battery,capacity component,EUR_2020/MW,control,2030,351000.0
3022,na-nicl2 battery,na-nicl2 battery,capacity component,EUR_2020/MW,control,2050,351000.0
3023,na-nicl2 battery,na-nicl2 battery,energy component,EUR_2020/MWh,lower,2020,223000.0
3024,na-nicl2 battery,na-nicl2 battery,energy component,EUR_2020/MWh,lower,2050,96000.0
3025,na-nicl2 battery,na-nicl2 battery,energy component,EUR_2020/MWh,upper,2020,340000.0
3026,na-nicl2 battery,na-nicl2 battery,energy component,EUR_2020/MWh,upper,2050,149000.0
3027,na-nicl2 battery,na-nicl2 battery,energy component,EUR_2020/MWh,control,2015,808000.0
3028,na-nicl2 battery,na-nicl2 battery,energy component,EUR_2020/MWh,control,2020,276000.0
3029,na-nicl2 battery,na-nicl2 battery,energy component,EUR_2020/MWh,control,2030,149000.0
3030,na-nicl2 battery,na-nicl2 battery,energy component,EUR_2020/MWh,control,2050,117000.0
3031,na-nicl2 battery,na-nicl2 battery,other project costs,EUR_2020/MWh,lower,2020,32000.0
3032,na-nicl2 battery,na-nicl2 battery,other project costs,EUR_2020/MWh,lower,2050,11000.0
3033,na-nicl2 battery,na-nicl2 battery,other project costs,EUR_2020/MWh,upper,2020,43000.0
3034,na-nicl2 battery,na-nicl2 battery,other project costs,EUR_2020/MWh,upper,2050,21000.0
3035,na-nicl2 battery,na-nicl2 battery,other project costs,EUR_2020/MWh,control,2015,85000.0
3036,na-nicl2 battery,na-nicl2 battery,other project costs,EUR_2020/MWh,control,2020,32000.0
3037,na-nicl2 battery,na-nicl2 battery,other project costs,EUR_2020/MWh,control,2030,21000.0
3038,na-nicl2 battery,na-nicl2 battery,other project costs,EUR_2020/MWh,control,2050,21000.0
3039,na-nicl2 battery,na-nicl2 battery,fixed o&m,percent,lower,2020,0.9
3040,na-nicl2 battery,na-nicl2 battery,fixed o&m,percent,lower,2050,0.9
3041,na-nicl2 battery,na-nicl2 battery,fixed o&m,percent,upper,2020,2.0
3042,na-nicl2 battery,na-nicl2 battery,fixed o&m,percent,upper,2050,2.0
3043,na-nicl2 battery,na-nicl2 battery,fixed o&m,percent,control,2015,1.5
3044,na-nicl2 battery,na-nicl2 battery,fixed o&m,percent,control,2020,1.5
3045,na-nicl2 battery,na-nicl2 battery,fixed o&m,percent,control,2030,1.5
3046,na-nicl2 battery,na-nicl2 battery,fixed o&m,percent,control,2050,1.5
3047,na-nicl2 battery,na-nicl2 battery,specific investment,EUR_2020/MWh,lower,2020,340000.0
3048,na-nicl2 battery,na-nicl2 battery,specific investment,EUR_2020/MWh,lower,2050,191000.0
3049,na-nicl2 battery,na-nicl2 battery,specific investment,EUR_2020/MWh,upper,2020,564000.0
3050,na-nicl2 battery,na-nicl2 battery,specific investment,EUR_2020/MWh,upper,2050,319000.0
3051,na-nicl2 battery,na-nicl2 battery,specific investment,EUR_2020/MWh,control,2015,1063000.0
3052,na-nicl2 battery,na-nicl2 battery,specific investment,EUR_2020/MWh,control,2020,447000.0
3053,na-nicl2 battery,na-nicl2 battery,specific investment,EUR_2020/MWh,control,2030,276000.0
3054,na-nicl2 battery,na-nicl2 battery,specific investment,EUR_2020/MWh,control,2050,245000.0
3055,na-nicl2 battery,na-nicl2 battery,variable o&m,EUR_2020/MWh,lower,2020,0.425
3056,na-nicl2 battery,na-nicl2 battery,variable o&m,EUR_2020/MWh,lower,2050,0.425
3057,na-nicl2 battery,na-nicl2 battery,variable o&m,EUR_2020/MWh,upper,2020,2.233
3058,na-nicl2 battery,na-nicl2 battery,variable o&m,EUR_2020/MWh,upper,2050,2.233
3059,na-nicl2 battery,na-nicl2 battery,variable o&m,EUR_2020/MWh,control,2015,0.638
3060,na-nicl2 battery,na-nicl2 battery,variable o&m,EUR_2020/MWh,control,2020,0.638
3061,na-nicl2 battery,na-nicl2 battery,variable o&m,EUR_2020/MWh,control,2030,0.638
3062,na-nicl2 battery,na-nicl2 battery,variable o&m,EUR_2020/MWh,control,2050,0.638
3063,na-nicl2 battery,na-nicl2 battery,response time from full-rated charge to full-rated discharge,sec,lower,2020,0.001
3064,na-nicl2 battery,na-nicl2 battery,response time from full-rated charge to full-rated discharge,sec,lower,2050,0.001
3065,na-nicl2 battery,na-nicl2 battery,response time from full-rated charge to full-rated discharge,sec,upper,2020,0.5
3066,na-nicl2 battery,na-nicl2 battery,response time from full-rated charge to full-rated discharge,sec,upper,2050,0.5
3067,na-nicl2 battery,na-nicl2 battery,response time from full-rated charge to full-rated discharge,sec,control,2015,0.5
3068,na-nicl2 battery,na-nicl2 battery,response time from full-rated charge to full-rated discharge,sec,control,2020,0.5
3069,na-nicl2 battery,na-nicl2 battery,response time from full-rated charge to full-rated discharge,sec,control,2030,0.5
3070,na-nicl2 battery,na-nicl2 battery,response time from full-rated charge to full-rated discharge,sec,control,2050,0.5
3071,na-nicl2 battery,na-nicl2 battery,response time from idle to full-rated discharge,sec,lower,2020,0.001
3072,na-nicl2 battery,na-nicl2 battery,response time from idle to full-rated discharge,sec,lower,2050,0.001
3073,na-nicl2 battery,na-nicl2 battery,response time from idle to full-rated discharge,sec,upper,2020,0.02
3074,na-nicl2 battery,na-nicl2 battery,response time from idle to full-rated discharge,sec,upper,2050,0.02
3075,na-nicl2 battery,na-nicl2 battery,response time from idle to full-rated discharge,sec,control,2015,0.02
3076,na-nicl2 battery,na-nicl2 battery,response time from idle to full-rated discharge,sec,control,2020,0.02
3077,na-nicl2 battery,na-nicl2 battery,response time from idle to full-rated discharge,sec,control,2030,0.02
3078,na-nicl2 battery,na-nicl2 battery,response time from idle to full-rated discharge,sec,control,2050,0.02
3079,na-nicl2 battery,na-nicl2 battery,alternative investment cost,EUR_2020/MW,lower,2020,1170000.0
3080,na-nicl2 battery,na-nicl2 battery,alternative investment cost,EUR_2020/MW,lower,2050,638000.0
3081,na-nicl2 battery,na-nicl2 battery,alternative investment cost,EUR_2020/MW,upper,2020,1914000.0
3082,na-nicl2 battery,na-nicl2 battery,alternative investment cost,EUR_2020/MW,upper,2050,1063000.0
3083,na-nicl2 battery,na-nicl2 battery,alternative investment cost,EUR_2020/MW,control,2015,3190000.0
3084,na-nicl2 battery,na-nicl2 battery,alternative investment cost,EUR_2020/MW,control,2020,1489000.0
3085,na-nicl2 battery,na-nicl2 battery,alternative investment cost,EUR_2020/MW,control,2030,957000.0
3086,na-nicl2 battery,na-nicl2 battery,alternative investment cost,EUR_2020/MW,control,2050,851000.0
3087,na-nicl2 battery,na-nicl2 battery,energy density,Wh/meter**3,lower,2020,24525.0
3088,na-nicl2 battery,na-nicl2 battery,energy density,Wh/meter**3,lower,2050,24525.0
3089,na-nicl2 battery,na-nicl2 battery,energy density,Wh/meter**3,upper,2020,40875.0
3090,na-nicl2 battery,na-nicl2 battery,energy density,Wh/meter**3,upper,2050,40875.0
3091,na-nicl2 battery,na-nicl2 battery,energy density,Wh/meter**3,control,2015,32700.0
3092,na-nicl2 battery,na-nicl2 battery,energy density,Wh/meter**3,control,2020,32700.0
3093,na-nicl2 battery,na-nicl2 battery,energy density,Wh/meter**3,control,2030,32700.0
3094,na-nicl2 battery,na-nicl2 battery,energy density,Wh/meter**3,control,2050,32700.0
3095,na-nicl2 battery,na-nicl2 battery,lifetime in total number of cycles,cycles,lower,2020,1500.0
3096,na-nicl2 battery,na-nicl2 battery,lifetime in total number of cycles,cycles,lower,2050,1500.0
3097,na-nicl2 battery,na-nicl2 battery,lifetime in total number of cycles,cycles,upper,2020,11300.0
3098,na-nicl2 battery,na-nicl2 battery,lifetime in total number of cycles,cycles,upper,2050,11300.0
3099,na-nicl2 battery,na-nicl2 battery,lifetime in total number of cycles,cycles,control,2015,4500.0
3100,na-nicl2 battery,na-nicl2 battery,lifetime in total number of cycles,cycles,control,2020,4500.0
3101,na-nicl2 battery,na-nicl2 battery,lifetime in total number of cycles,cycles,control,2030,4500.0
3102,na-nicl2 battery,na-nicl2 battery,lifetime in total number of cycles,cycles,control,2050,4500.0
3103,na-nicl2 battery,na-nicl2 battery,power density,W/meter**3,lower,2020,7012.0
3104,na-nicl2 battery,na-nicl2 battery,power density,W/meter**3,lower,2050,7012.0
3105,na-nicl2 battery,na-nicl2 battery,power density,W/meter**3,upper,2020,11687.0
3106,na-nicl2 battery,na-nicl2 battery,power density,W/meter**3,upper,2050,11687.0
3107,na-nicl2 battery,na-nicl2 battery,power density,W/meter**3,control,2015,9350.0
3108,na-nicl2 battery,na-nicl2 battery,power density,W/meter**3,control,2020,9350.0
3109,na-nicl2 battery,na-nicl2 battery,power density,W/meter**3,control,2030,9350.0
3110,na-nicl2 battery,na-nicl2 battery,power density,W/meter**3,control,2050,9350.0
3111,na-nicl2 battery,na-nicl2 battery,specific energy,Wh/kg,lower,2020,42.0
3112,na-nicl2 battery,na-nicl2 battery,specific energy,Wh/kg,lower,2050,42.0
3113,na-nicl2 battery,na-nicl2 battery,specific energy,Wh/kg,upper,2020,70.0
3114,na-nicl2 battery,na-nicl2 battery,specific energy,Wh/kg,upper,2050,70.0
3115,na-nicl2 battery,na-nicl2 battery,specific energy,Wh/kg,control,2015,56.0
3116,na-nicl2 battery,na-nicl2 battery,specific energy,Wh/kg,control,2020,56.0
3117,na-nicl2 battery,na-nicl2 battery,specific energy,Wh/kg,control,2030,56.0
3118,na-nicl2 battery,na-nicl2 battery,specific energy,Wh/kg,control,2050,56.0
3119,na-nicl2 battery,na-nicl2 battery,specific power,W/kg,lower,2020,12.0
3120,na-nicl2 battery,na-nicl2 battery,specific power,W/kg,lower,2050,12.0
3121,na-nicl2 battery,na-nicl2 battery,specific power,W/kg,upper,2020,20.0
3122,na-nicl2 battery,na-nicl2 battery,specific power,W/kg,upper,2050,20.0
3123,na-nicl2 battery,na-nicl2 battery,specific power,W/kg,control,2015,16.0
3124,na-nicl2 battery,na-nicl2 battery,specific power,W/kg,control,2020,16.0
3125,na-nicl2 battery,na-nicl2 battery,specific power,W/kg,control,2030,16.0
3126,na-nicl2 battery,na-nicl2 battery,specific power,W/kg,control,2050,16.0
