technology,parameter,year,value,unit,currency_year,source,further_description,financial_case,scenario,
Fischer-Tropsch,efficiency,2020,0.7,per unit,,ICCT IRA e-fuels assumptions ,,,,
Fischer-Tropsch,investment,2020,1696429,USD/MW_FT,2022,ICCT IRA e-fuels assumptions ,,,,
Fischer-Tropsch,lifetime,2020,20,years,,ICCT IRA e-fuels assumptions ,,,,
Fischer-Tropsch,FOM,2020,4,%/year,2022,ICCT IRA e-fuels assumptions ,,,,
Fischer-Tropsch,lifetime,2030,30,years,,ICCT IRA e-fuels assumptions ,,,,
Fischer-Tropsch,hydrogen-input,2020,1.43,MWh_H2/MWh_FT,,ICCT IRA e-fuels assumptions ,"0.995 MWh_H2 per output, output increasing from 2020 to 2050 (0.65, 0.7, 0.73, 0.75 MWh liquid FT output).",,,
Fischer-Tropsch,electricity-input,2020,0.04,MWh_el/MWh_FT,,ICCT IRA e-fuels assumptions ,"0.005 MWh_el input per FT output, output increasing from 2020 to 2050 (0.65, 0.7, 0.73, 0.75 MWh liquid FT output).",,,
Fischer-Tropsch,carbondioxide-input,2020,0.32,t_CO2/MWh_FT,,ICCT IRA e-fuels assumptions ,"Input per 1t FT liquid fuels output, carbon efficiency increases with years (4.3, 3.9, 3.6, 3.3 t_CO2/t_FT from 2020-2050 with LHV 11.95 MWh_th/t_FT).",,,
hydrogen storage tank type 1,investment,2020,16.87,USD/kWh_H2,2022,ICCT IRA e-fuels assumptions ,,,,
hydrogen storage tank type 1,FOM,2020,4,%/year,2022,ICCT IRA e-fuels assumptions ,,,,
hydrogen storage tank type 1,lifetime,2020,30,years,,ICCT IRA e-fuels assumptions ,,,,
hydrogen storage tank type 1,min_fill_level,2020,6,%,,"Based on Stöckl et al (2021): https://doi.org/10.48550/arXiv.2005.03464, table SI.9.",,,,
hydrogen storage compressor,investment,2020,2.28,USD/kWh_H2,2022,ICCT IRA e-fuels assumptions ,,,,
hydrogen storage compressor,FOM,2020,4,%/year,2022,ICCT IRA e-fuels assumptions ,,,,
hydrogen storage compressor,lifetime,2020,30,years,,ICCT IRA e-fuels assumptions ,,,,
hydrogen storage compressor,compression-electricity-input,2020,0.05,MWh_el/MWh_H2,,"Based on Stöckl et al (2021): https://doi.org/10.48550/arXiv.2005.03464, table SI.4.",1.707 kWh/kg.,,,
direct air capture,lifetime,2020,30,years,-,ICCT IRA e-fuels assumptions ,,,,
direct air capture,FOM,2020,1.3,%/year,2023,ICCT IRA e-fuels assumptions ,Meaning of scenario and financial case: https://atb.nrel.gov/electricity/2024/definitions#scenarios,R&D,Moderate,
direct air capture,FOM,2020,1.3,%/year,2023,ICCT IRA e-fuels assumptions ,Meaning of scenario and financial case: https://atb.nrel.gov/electricity/2024/definitions#scenarios,R&D,Conservative,
direct air capture,FOM,2020,1.3,%/year,2023,ICCT IRA e-fuels assumptions ,Meaning of scenario and financial case: https://atb.nrel.gov/electricity/2024/definitions#scenarios,R&D,Advanced,
direct air capture,investment,2020,12398844.91,USD/t_CO2/h,2023,ICCT IRA e-fuels assumptions ,Meaning of scenario and financial case: https://atb.nrel.gov/electricity/2024/definitions#scenarios,R&D,Moderate,
direct air capture,investment,2020,19180739.93,USD/t_CO2/h,2023,ICCT IRA e-fuels assumptions ,Meaning of scenario and financial case: https://atb.nrel.gov/electricity/2024/definitions#scenarios,R&D,Conservative,
direct air capture,investment,2020,7103597.31,USD/t_CO2/h,2023,ICCT IRA e-fuels assumptions ,Meaning of scenario and financial case: https://atb.nrel.gov/electricity/2024/definitions#scenarios,R&D,Advanced,
direct air capture,FOM,2020,1.3,%/year,2023,ICCT IRA e-fuels assumptions ,Meaning of scenario and financial case: https://atb.nrel.gov/electricity/2024/definitions#scenarios,Market,Moderate,
direct air capture,FOM,2020,1.3,%/year,2023,ICCT IRA e-fuels assumptions ,Meaning of scenario and financial case: https://atb.nrel.gov/electricity/2024/definitions#scenarios,Market,Conservative,
direct air capture,FOM,2020,1.3,%/year,2023,ICCT IRA e-fuels assumptions ,Meaning of scenario and financial case: https://atb.nrel.gov/electricity/2024/definitions#scenarios,Market,Advanced,
direct air capture,investment,2020,12398844.91,USD/t_CO2/h,2023,ICCT IRA e-fuels assumptions ,Meaning of scenario and financial case: https://atb.nrel.gov/electricity/2024/definitions#scenarios,Market,Moderate,
direct air capture,investment,2020,19180739.93,USD/t_CO2/h,2023,ICCT IRA e-fuels assumptions ,Meaning of scenario and financial case: https://atb.nrel.gov/electricity/2024/definitions#scenarios,Market,Conservative,
direct air capture,investment,2020,7103597.31,USD/t_CO2/h,2023,ICCT IRA e-fuels assumptions ,Meaning of scenario and financial case: https://atb.nrel.gov/electricity/2024/definitions#scenarios,Market,Advanced,
direct air capture,electricity-input,2020,0.24,MWh_el/t_CO2,-,ICCT IRA e-fuels assumptions ,,,,
direct air capture,heat-input,2020,1.17,MWh_th/t_CO2,-,ICCT IRA e-fuels assumptions ,,,,
Coal-IGCC,lifetime,2020,40,years,-,"JRC, 01_JRC-EU-TIMES Full model, https://zenodo.org/records/3544900, file `SubRES_15_TECHS_HYDROGEN.xlsx`",,,,
Coal-IGCC-90%-CCS,lifetime,2030,40,years,-,"JRC, 01_JRC-EU-TIMES Full model, https://zenodo.org/records/3544900, file `SubRES_15_TECHS_HYDROGEN.xlsx`",,,,
Coal-95%-CCS,lifetime,2030,40,years,-,"JRC, 01_JRC-EU-TIMES Full model, https://zenodo.org/records/3544900, file `SubRES_15_TECHS_HYDROGEN.xlsx`",,,,
Coal-99%-CCS,lifetime,2030,40,years,-,"JRC, 01_JRC-EU-TIMES Full model, https://zenodo.org/records/3544900, file `SubRES_15_TECHS_HYDROGEN.xlsx`",,,,
NG 2-on-1 Combined Cycle (F-Frame),lifetime,2030,30,years,-,"JRC, 01_JRC-EU-TIMES Full model, https://zenodo.org/records/3544900, file `SubRES_15_TECHS_HYDROGEN.xlsx`",,,,
NG 2-on-1 Combined Cycle (F-Frame) 95% CCS,lifetime,2030,30,years,-,"JRC, 01_JRC-EU-TIMES Full model, https://zenodo.org/records/3544900, file `SubRES_15_TECHS_HYDROGEN.xlsx`",,,,
NG 2-on-1 Combined Cycle (F-Frame) 97% CCS,lifetime,2030,30,years,-,"JRC, 01_JRC-EU-TIMES Full model, https://zenodo.org/records/3544900, file `SubRES_15_TECHS_HYDROGEN.xlsx`",,,,
Coal-95%-CCS,capture_rate,2030,0.95,per unit,-,"NREL, NREL ATB 2024",,,,
Coal-99%-CCS,capture_rate,2030,0.99,per unit,-,"NREL, NREL ATB 2024",,,,
Coal-IGCC-90%-CCS,capture_rate,2030,0.9,per unit,-,"NREL, NREL ATB 2024",,,,
NG 2-on-1 Combined Cycle (F-Frame) 95% CCS,capture_rate,2030,0.95,per unit,-,"NREL, NREL ATB 2024",,,,
NG 2-on-1 Combined Cycle (F-Frame) 97% CCS,capture_rate,2030,0.97,per unit,-,"NREL, NREL ATB 2024",,,,
Coal-IGCC,efficiency,2020,0.5,p.u.,-,"JRC, 01_JRC-EU-TIMES Full model, https://zenodo.org/records/3544900, file `SubRES_15_TECHS_HYDROGEN.xlsx`",,,,
Coal-IGCC-90%-CCS,efficiency,2030,0.403,p.u.,,"JRC, 01_JRC-EU-TIMES Full model, https://zenodo.org/records/3544900, file `SubRES_15_TECHS_HYDROGEN.xlsx`",,,,
NG 2-on-1 Combined Cycle (F-Frame),efficiency,2020,0.573,p.u.,-,"NREL, “Cost and performance projections for coal- and natural gas-fired power plants""",,,,
Coal-95%-CCS,efficiency,2030,0.403,p.u.,-,"JRC, 01_JRC-EU-TIMES Full model, https://zenodo.org/records/3544900, file `SubRES_15_TECHS_HYDROGEN.xlsx`",,,,
Coal-99%-CCS,efficiency,2030,0.403,p.u.,-,"JRC, 01_JRC-EU-TIMES Full model, https://zenodo.org/records/3544900, file `SubRES_15_TECHS_HYDROGEN.xlsx`",,,,
NG 2-on-1 Combined Cycle (F-Frame),efficiency,2030,0.573,p.u.,-,"NREL, “Cost and performance projections for coal- and natural gas-fired power plants""",,,,
NG 2-on-1 Combined Cycle (F-Frame) 95% CCS,efficiency,2030,0.527,p.u.,-,"NREL, “Cost and performance projections for coal- and natural gas-fired power plants""",,,,
NG 2-on-1 Combined Cycle (F-Frame) 97% CCS,efficiency,2030,0.525,p.u.,-,"NREL, “Cost and performance projections for coal- and natural gas-fired power plants""",,,,
Coal integrated retrofit 90%-CCS,capture_rate,2030,0.9,per unit,-,"NREL, “Cost and performance projections for coal- and natural gas-fired power plants""",,,,
Coal integrated retrofit 95%-CCS,capture_rate,2030,0.95,per unit,-,"NREL, “Cost and performance projections for coal- and natural gas-fired power plants""",,,,
NG Combined Cycle F-Class integrated retrofit 90%-CCS,capture_rate,2030,0.9,per unit,-,"NREL, “Cost and performance projections for coal- and natural gas-fired power plants""",,,,
NG Combined Cycle F-Class integrated retrofit 95%-CCS,capture_rate,2030,0.95,per unit,-,"NREL, “Cost and performance projections for coal- and natural gas-fired power plants""",,,,
Coal integrated retrofit 90%-CCS,efficiency,2030,0.386,p.u.,-,"NREL, “Cost and performance projections for coal- and natural gas-fired power plants""",,,,
Coal integrated retrofit 95%-CCS,efficiency,2030,0.386,p.u.,-,"NREL, “Cost and performance projections for coal- and natural gas-fired power plants""",,,,
NG Combined Cycle F-Class integrated retrofit 90%-CCS,efficiency,2030,0.536,p.u.,-,"NREL, “Cost and performance projections for coal- and natural gas-fired power plants""",,,,
NG Combined Cycle F-Class integrated retrofit 95%-CCS,efficiency,2030,0.536,p.u.,-,"NREL, “Cost and performance projections for coal- and natural gas-fired power plants""",,,,
Alkaline electrolyzer large size,lifetime,2020,30,years,-,ICCT IRA e-fuels assumptions ,,,,
PEM electrolyzer small size,lifetime,2020,30,years,-,ICCT IRA e-fuels assumptions ,,,,
SOEC,lifetime,2020,30,years,-,ICCT IRA e-fuels assumptions ,,,,
Alkaline electrolyzer large size,investment,2020,1471,USD/kW,2022,"ICCT IRA e-fuels assumptions, https://theicct.org/wp-content/uploads/2022/02/fuels-eu-cost-renew-H-produced-onsite-H-refueling-stations-europe-feb22.pdf adjusted according to DOE observations https://www.hydrogen.energy.gov/docs/hydrogenprogramlibraries/pdfs/24005-clean-hydrogen-production-cost-pem-electrolyzer.pdf?sfvrsn=8cb10889_1#:~:text=This%20Record%20shows%20that%20the,factors%20of%2050%2D75%25",Meaning of scenario and financial case: https://atb.nrel.gov/electricity/2024/definitions#scenarios,R&D,Moderate,
Alkaline electrolyzer large size,investment,2030,1202,USD/kW,2022,"ICCT IRA e-fuels assumptions, https://theicct.org/wp-content/uploads/2022/02/fuels-eu-cost-renew-H-produced-onsite-H-refueling-stations-europe-feb22.pdf adjusted according to DOE observations https://www.hydrogen.energy.gov/docs/hydrogenprogramlibraries/pdfs/24005-clean-hydrogen-production-cost-pem-electrolyzer.pdf?sfvrsn=8cb10889_1#:~:text=This%20Record%20shows%20that%20the,factors%20of%2050%2D75%25",Meaning of scenario and financial case: https://atb.nrel.gov/electricity/2024/definitions#scenarios,R&D,Moderate,
Alkaline electrolyzer large size,investment,2040,982,USD/kW,2022,"ICCT IRA e-fuels assumptions, https://theicct.org/wp-content/uploads/2022/02/fuels-eu-cost-renew-H-produced-onsite-H-refueling-stations-europe-feb22.pdf adjusted according to DOE observations https://www.hydrogen.energy.gov/docs/hydrogenprogramlibraries/pdfs/24005-clean-hydrogen-production-cost-pem-electrolyzer.pdf?sfvrsn=8cb10889_1#:~:text=This%20Record%20shows%20that%20the,factors%20of%2050%2D75%25",Meaning of scenario and financial case: https://atb.nrel.gov/electricity/2024/definitions#scenarios,R&D,Moderate,
Alkaline electrolyzer large size,investment,2050,802,USD/kW,2022,"ICCT IRA e-fuels assumptions, https://theicct.org/wp-content/uploads/2022/02/fuels-eu-cost-renew-H-produced-onsite-H-refueling-stations-europe-feb22.pdf adjusted according to DOE observations https://www.hydrogen.energy.gov/docs/hydrogenprogramlibraries/pdfs/24005-clean-hydrogen-production-cost-pem-electrolyzer.pdf?sfvrsn=8cb10889_1#:~:text=This%20Record%20shows%20that%20the,factors%20of%2050%2D75%25",Meaning of scenario and financial case: https://atb.nrel.gov/electricity/2024/definitions#scenarios,R&D,Moderate,
PEM electrolyzer small size,investment,2020,2399,USD/kW,2022,"ICCT IRA e-fuels assumptions, https://theicct.org/wp-content/uploads/2022/02/fuels-eu-cost-renew-H-produced-onsite-H-refueling-stations-europe-feb22.pdf adjusted according to DOE observations https://www.hydrogen.energy.gov/docs/hydrogenprogramlibraries/pdfs/24005-clean-hydrogen-production-cost-pem-electrolyzer.pdf?sfvrsn=8cb10889_1#:~:text=This%20Record%20shows%20that%20the,factors%20of%2050%2D75%25",Meaning of scenario and financial case: https://atb.nrel.gov/electricity/2024/definitions#scenarios,R&D,Moderate,
PEM electrolyzer small size,investment,2030,1960,USD/kW,2022,"ICCT IRA e-fuels assumptions, https://theicct.org/wp-content/uploads/2022/02/fuels-eu-cost-renew-H-produced-onsite-H-refueling-stations-europe-feb22.pdf adjusted according to DOE observations https://www.hydrogen.energy.gov/docs/hydrogenprogramlibraries/pdfs/24005-clean-hydrogen-production-cost-pem-electrolyzer.pdf?sfvrsn=8cb10889_1#:~:text=This%20Record%20shows%20that%20the,factors%20of%2050%2D75%25",Meaning of scenario and financial case: https://atb.nrel.gov/electricity/2024/definitions#scenarios,R&D,Moderate,
PEM electrolyzer small size,investment,2040,1602,USD/kW,2022,"ICCT IRA e-fuels assumptions, https://theicct.org/wp-content/uploads/2022/02/fuels-eu-cost-renew-H-produced-onsite-H-refueling-stations-europe-feb22.pdf adjusted according to DOE observations https://www.hydrogen.energy.gov/docs/hydrogenprogramlibraries/pdfs/24005-clean-hydrogen-production-cost-pem-electrolyzer.pdf?sfvrsn=8cb10889_1#:~:text=This%20Record%20shows%20that%20the,factors%20of%2050%2D75%25",Meaning of scenario and financial case: https://atb.nrel.gov/electricity/2024/definitions#scenarios,R&D,Moderate,
PEM electrolyzer small size,investment,2050,1309,USD/kW,2022,"ICCT IRA e-fuels assumptions, https://theicct.org/wp-content/uploads/2022/02/fuels-eu-cost-renew-H-produced-onsite-H-refueling-stations-europe-feb22.pdf adjusted according to DOE observations https://www.hydrogen.energy.gov/docs/hydrogenprogramlibraries/pdfs/24005-clean-hydrogen-production-cost-pem-electrolyzer.pdf?sfvrsn=8cb10889_1#:~:text=This%20Record%20shows%20that%20the,factors%20of%2050%2D75%25",Meaning of scenario and financial case: https://atb.nrel.gov/electricity/2024/definitions#scenarios,R&D,Moderate,
SOEC,investment,2020,2651,USD/kW,2022,"ICCT IRA e-fuels assumptions, https://theicct.org/wp-content/uploads/2022/02/fuels-eu-cost-renew-H-produced-onsite-H-refueling-stations-europe-feb22.pdf adjusted according to DOE observations https://www.hydrogen.energy.gov/docs/hydrogenprogramlibraries/pdfs/24005-clean-hydrogen-production-cost-pem-electrolyzer.pdf?sfvrsn=8cb10889_1#:~:text=This%20Record%20shows%20that%20the,factors%20of%2050%2D75%25",Meaning of scenario and financial case: https://atb.nrel.gov/electricity/2024/definitions#scenarios,R&D,Moderate,
SOEC,investment,2030,2166,USD/kW,2022,"ICCT IRA e-fuels assumptions, https://theicct.org/wp-content/uploads/2022/02/fuels-eu-cost-renew-H-produced-onsite-H-refueling-stations-europe-feb22.pdf adjusted according to DOE observations https://www.hydrogen.energy.gov/docs/hydrogenprogramlibraries/pdfs/24005-clean-hydrogen-production-cost-pem-electrolyzer.pdf?sfvrsn=8cb10889_1#:~:text=This%20Record%20shows%20that%20the,factors%20of%2050%2D75%25",Meaning of scenario and financial case: https://atb.nrel.gov/electricity/2024/definitions#scenarios,R&D,Moderate,
SOEC,investment,2040,1770,USD/kW,2022,"ICCT IRA e-fuels assumptions, https://theicct.org/wp-content/uploads/2022/02/fuels-eu-cost-renew-H-produced-onsite-H-refueling-stations-europe-feb22.pdf adjusted according to DOE observations https://www.hydrogen.energy.gov/docs/hydrogenprogramlibraries/pdfs/24005-clean-hydrogen-production-cost-pem-electrolyzer.pdf?sfvrsn=8cb10889_1#:~:text=This%20Record%20shows%20that%20the,factors%20of%2050%2D75%25",Meaning of scenario and financial case: https://atb.nrel.gov/electricity/2024/definitions#scenarios,R&D,Moderate,
SOEC,investment,2050,1446,USD/kW,2022,"ICCT IRA e-fuels assumptions, https://theicct.org/wp-content/uploads/2022/02/fuels-eu-cost-renew-H-produced-onsite-H-refueling-stations-europe-feb22.pdf adjusted according to DOE observations https://www.hydrogen.energy.gov/docs/hydrogenprogramlibraries/pdfs/24005-clean-hydrogen-production-cost-pem-electrolyzer.pdf?sfvrsn=8cb10889_1#:~:text=This%20Record%20shows%20that%20the,factors%20of%2050%2D75%25",Meaning of scenario and financial case: https://atb.nrel.gov/electricity/2024/definitions#scenarios,R&D,Moderate,
Alkaline electrolyzer large size,investment,2020,1471,USD/kW,2022,"ICCT IRA e-fuels assumptions, https://theicct.org/wp-content/uploads/2022/02/fuels-eu-cost-renew-H-produced-onsite-H-refueling-stations-europe-feb22.pdf adjusted according to DOE observations https://www.hydrogen.energy.gov/docs/hydrogenprogramlibraries/pdfs/24005-clean-hydrogen-production-cost-pem-electrolyzer.pdf?sfvrsn=8cb10889_1#:~:text=This%20Record%20shows%20that%20the,factors%20of%2050%2D75%25",Meaning of scenario and financial case: https://atb.nrel.gov/electricity/2024/definitions#scenarios,R&D,Conservative,
Alkaline electrolyzer large size,investment,2030,1399,USD/kW,2022,"ICCT IRA e-fuels assumptions, https://theicct.org/wp-content/uploads/2022/02/fuels-eu-cost-renew-H-produced-onsite-H-refueling-stations-europe-feb22.pdf adjusted according to DOE observations https://www.hydrogen.energy.gov/docs/hydrogenprogramlibraries/pdfs/24005-clean-hydrogen-production-cost-pem-electrolyzer.pdf?sfvrsn=8cb10889_1#:~:text=This%20Record%20shows%20that%20the,factors%20of%2050%2D75%25",Meaning of scenario and financial case: https://atb.nrel.gov/electricity/2024/definitions#scenarios,R&D,Conservative,
Alkaline electrolyzer large size,investment,2040,1331,USD/kW,2022,"ICCT IRA e-fuels assumptions, https://theicct.org/wp-content/uploads/2022/02/fuels-eu-cost-renew-H-produced-onsite-H-refueling-stations-europe-feb22.pdf adjusted according to DOE observations https://www.hydrogen.energy.gov/docs/hydrogenprogramlibraries/pdfs/24005-clean-hydrogen-production-cost-pem-electrolyzer.pdf?sfvrsn=8cb10889_1#:~:text=This%20Record%20shows%20that%20the,factors%20of%2050%2D75%25",Meaning of scenario and financial case: https://atb.nrel.gov/electricity/2024/definitions#scenarios,R&D,Conservative,
Alkaline electrolyzer large size,investment,2050,1266,USD/kW,2022,"ICCT IRA e-fuels assumptions, https://theicct.org/wp-content/uploads/2022/02/fuels-eu-cost-renew-H-produced-onsite-H-refueling-stations-europe-feb22.pdf adjusted according to DOE observations https://www.hydrogen.energy.gov/docs/hydrogenprogramlibraries/pdfs/24005-clean-hydrogen-production-cost-pem-electrolyzer.pdf?sfvrsn=8cb10889_1#:~:text=This%20Record%20shows%20that%20the,factors%20of%2050%2D75%25",Meaning of scenario and financial case: https://atb.nrel.gov/electricity/2024/definitions#scenarios,R&D,Conservative,
PEM electrolyzer small size,investment,2020,2399,USD/kW,2022,"ICCT IRA e-fuels assumptions, https://theicct.org/wp-content/uploads/2022/02/fuels-eu-cost-renew-H-produced-onsite-H-refueling-stations-europe-feb22.pdf adjusted according to DOE observations https://www.hydrogen.energy.gov/docs/hydrogenprogramlibraries/pdfs/24005-clean-hydrogen-production-cost-pem-electrolyzer.pdf?sfvrsn=8cb10889_1#:~:text=This%20Record%20shows%20that%20the,factors%20of%2050%2D75%25",Meaning of scenario and financial case: https://atb.nrel.gov/electricity/2024/definitions#scenarios,R&D,Conservative,
PEM electrolyzer small size,investment,2030,1960,USD/kW,2022,"ICCT IRA e-fuels assumptions, https://theicct.org/wp-content/uploads/2022/02/fuels-eu-cost-renew-H-produced-onsite-H-refueling-stations-europe-feb22.pdf adjusted according to DOE observations https://www.hydrogen.energy.gov/docs/hydrogenprogramlibraries/pdfs/24005-clean-hydrogen-production-cost-pem-electrolyzer.pdf?sfvrsn=8cb10889_1#:~:text=This%20Record%20shows%20that%20the,factors%20of%2050%2D75%25",Meaning of scenario and financial case: https://atb.nrel.gov/electricity/2024/definitions#scenarios,R&D,Conservative,
PEM electrolyzer small size,investment,2040,1602,USD/kW,2022,"ICCT IRA e-fuels assumptions, https://theicct.org/wp-content/uploads/2022/02/fuels-eu-cost-renew-H-produced-onsite-H-refueling-stations-europe-feb22.pdf adjusted according to DOE observations https://www.hydrogen.energy.gov/docs/hydrogenprogramlibraries/pdfs/24005-clean-hydrogen-production-cost-pem-electrolyzer.pdf?sfvrsn=8cb10889_1#:~:text=This%20Record%20shows%20that%20the,factors%20of%2050%2D75%25",Meaning of scenario and financial case: https://atb.nrel.gov/electricity/2024/definitions#scenarios,R&D,Conservative,
PEM electrolyzer small size,investment,2050,1309,USD/kW,2022,"ICCT IRA e-fuels assumptions, https://theicct.org/wp-content/uploads/2022/02/fuels-eu-cost-renew-H-produced-onsite-H-refueling-stations-europe-feb22.pdf adjusted according to DOE observations https://www.hydrogen.energy.gov/docs/hydrogenprogramlibraries/pdfs/24005-clean-hydrogen-production-cost-pem-electrolyzer.pdf?sfvrsn=8cb10889_1#:~:text=This%20Record%20shows%20that%20the,factors%20of%2050%2D75%25",Meaning of scenario and financial case: https://atb.nrel.gov/electricity/2024/definitions#scenarios,R&D,Conservative,
SOEC,investment,2020,2651,USD/kW,2022,"ICCT IRA e-fuels assumptions, https://theicct.org/wp-content/uploads/2022/02/fuels-eu-cost-renew-H-produced-onsite-H-refueling-stations-europe-feb22.pdf adjusted according to DOE observations https://www.hydrogen.energy.gov/docs/hydrogenprogramlibraries/pdfs/24005-clean-hydrogen-production-cost-pem-electrolyzer.pdf?sfvrsn=8cb10889_1#:~:text=This%20Record%20shows%20that%20the,factors%20of%2050%2D75%25",Meaning of scenario and financial case: https://atb.nrel.gov/electricity/2024/definitions#scenarios,R&D,Conservative,
SOEC,investment,2030,2521,USD/kW,2022,"ICCT IRA e-fuels assumptions, https://theicct.org/wp-content/uploads/2022/02/fuels-eu-cost-renew-H-produced-onsite-H-refueling-stations-europe-feb22.pdf adjusted according to DOE observations https://www.hydrogen.energy.gov/docs/hydrogenprogramlibraries/pdfs/24005-clean-hydrogen-production-cost-pem-electrolyzer.pdf?sfvrsn=8cb10889_1#:~:text=This%20Record%20shows%20that%20the,factors%20of%2050%2D75%25",Meaning of scenario and financial case: https://atb.nrel.gov/electricity/2024/definitions#scenarios,R&D,Conservative,
SOEC,investment,2040,2398,USD/kW,2022,"ICCT IRA e-fuels assumptions, https://theicct.org/wp-content/uploads/2022/02/fuels-eu-cost-renew-H-produced-onsite-H-refueling-stations-europe-feb22.pdf adjusted according to DOE observations https://www.hydrogen.energy.gov/docs/hydrogenprogramlibraries/pdfs/24005-clean-hydrogen-production-cost-pem-electrolyzer.pdf?sfvrsn=8cb10889_1#:~:text=This%20Record%20shows%20that%20the,factors%20of%2050%2D75%25",Meaning of scenario and financial case: https://atb.nrel.gov/electricity/2024/definitions#scenarios,R&D,Conservative,
SOEC,investment,2050,2281,USD/kW,2022,"ICCT IRA e-fuels assumptions, https://theicct.org/wp-content/uploads/2022/02/fuels-eu-cost-renew-H-produced-onsite-H-refueling-stations-europe-feb22.pdf adjusted according to DOE observations https://www.hydrogen.energy.gov/docs/hydrogenprogramlibraries/pdfs/24005-clean-hydrogen-production-cost-pem-electrolyzer.pdf?sfvrsn=8cb10889_1#:~:text=This%20Record%20shows%20that%20the,factors%20of%2050%2D75%25",Meaning of scenario and financial case: https://atb.nrel.gov/electricity/2024/definitions#scenarios,R&D,Conservative,
Alkaline electrolyzer large size,investment,2020,1471,USD/kW,2022,"ICCT IRA e-fuels assumptions, https://theicct.org/wp-content/uploads/2022/02/fuels-eu-cost-renew-H-produced-onsite-H-refueling-stations-europe-feb22.pdf adjusted according to DOE observations https://www.hydrogen.energy.gov/docs/hydrogenprogramlibraries/pdfs/24005-clean-hydrogen-production-cost-pem-electrolyzer.pdf?sfvrsn=8cb10889_1#:~:text=This%20Record%20shows%20that%20the,factors%20of%2050%2D75%25",Meaning of scenario and financial case: https://atb.nrel.gov/electricity/2024/definitions#scenarios,R&D,Advanced,
Alkaline electrolyzer large size,investment,2030,1142,USD/kW,2022,"ICCT IRA e-fuels assumptions, https://theicct.org/wp-content/uploads/2022/02/fuels-eu-cost-renew-H-produced-onsite-H-refueling-stations-europe-feb22.pdf adjusted according to DOE observations https://www.hydrogen.energy.gov/docs/hydrogenprogramlibraries/pdfs/24005-clean-hydrogen-production-cost-pem-electrolyzer.pdf?sfvrsn=8cb10889_1#:~:text=This%20Record%20shows%20that%20the,factors%20of%2050%2D75%25",Meaning of scenario and financial case: https://atb.nrel.gov/electricity/2024/definitions#scenarios,R&D,Advanced,
Alkaline electrolyzer large size,investment,2040,886,USD/kW,2022,"ICCT IRA e-fuels assumptions, https://theicct.org/wp-content/uploads/2022/02/fuels-eu-cost-renew-H-produced-onsite-H-refueling-stations-europe-feb22.pdf adjusted according to DOE observations https://www.hydrogen.energy.gov/docs/hydrogenprogramlibraries/pdfs/24005-clean-hydrogen-production-cost-pem-electrolyzer.pdf?sfvrsn=8cb10889_1#:~:text=This%20Record%20shows%20that%20the,factors%20of%2050%2D75%25",Meaning of scenario and financial case: https://atb.nrel.gov/electricity/2024/definitions#scenarios,R&D,Advanced,
Alkaline electrolyzer large size,investment,2050,688,USD/kW,2022,"ICCT IRA e-fuels assumptions, https://theicct.org/wp-content/uploads/2022/02/fuels-eu-cost-renew-H-produced-onsite-H-refueling-stations-europe-feb22.pdf adjusted according to DOE observations https://www.hydrogen.energy.gov/docs/hydrogenprogramlibraries/pdfs/24005-clean-hydrogen-production-cost-pem-electrolyzer.pdf?sfvrsn=8cb10889_1#:~:text=This%20Record%20shows%20that%20the,factors%20of%2050%2D75%25",Meaning of scenario and financial case: https://atb.nrel.gov/electricity/2024/definitions#scenarios,R&D,Advanced,
PEM electrolyzer small size,investment,2020,2399,USD/kW,2022,"ICCT IRA e-fuels assumptions, https://theicct.org/wp-content/uploads/2022/02/fuels-eu-cost-renew-H-produced-onsite-H-refueling-stations-europe-feb22.pdf adjusted according to DOE observations https://www.hydrogen.energy.gov/docs/hydrogenprogramlibraries/pdfs/24005-clean-hydrogen-production-cost-pem-electrolyzer.pdf?sfvrsn=8cb10889_1#:~:text=This%20Record%20shows%20that%20the,factors%20of%2050%2D75%25",Meaning of scenario and financial case: https://atb.nrel.gov/electricity/2024/definitions#scenarios,R&D,Advanced,
PEM electrolyzer small size,investment,2030,1862,USD/kW,2022,"ICCT IRA e-fuels assumptions, https://theicct.org/wp-content/uploads/2022/02/fuels-eu-cost-renew-H-produced-onsite-H-refueling-stations-europe-feb22.pdf adjusted according to DOE observations https://www.hydrogen.energy.gov/docs/hydrogenprogramlibraries/pdfs/24005-clean-hydrogen-production-cost-pem-electrolyzer.pdf?sfvrsn=8cb10889_1#:~:text=This%20Record%20shows%20that%20the,factors%20of%2050%2D75%25",Meaning of scenario and financial case: https://atb.nrel.gov/electricity/2024/definitions#scenarios,R&D,Advanced,
PEM electrolyzer small size,investment,2040,1446,USD/kW,2022,"ICCT IRA e-fuels assumptions, https://theicct.org/wp-content/uploads/2022/02/fuels-eu-cost-renew-H-produced-onsite-H-refueling-stations-europe-feb22.pdf adjusted according to DOE observations https://www.hydrogen.energy.gov/docs/hydrogenprogramlibraries/pdfs/24005-clean-hydrogen-production-cost-pem-electrolyzer.pdf?sfvrsn=8cb10889_1#:~:text=This%20Record%20shows%20that%20the,factors%20of%2050%2D75%25",Meaning of scenario and financial case: https://atb.nrel.gov/electricity/2024/definitions#scenarios,R&D,Advanced,
PEM electrolyzer small size,investment,2050,1122,USD/kW,2022,"ICCT IRA e-fuels assumptions, https://theicct.org/wp-content/uploads/2022/02/fuels-eu-cost-renew-H-produced-onsite-H-refueling-stations-europe-feb22.pdf adjusted according to DOE observations https://www.hydrogen.energy.gov/docs/hydrogenprogramlibraries/pdfs/24005-clean-hydrogen-production-cost-pem-electrolyzer.pdf?sfvrsn=8cb10889_1#:~:text=This%20Record%20shows%20that%20the,factors%20of%2050%2D75%25",Meaning of scenario and financial case: https://atb.nrel.gov/electricity/2024/definitions#scenarios,R&D,Advanced,
SOEC,investment,2020,2651,USD/kW,2022,"ICCT IRA e-fuels assumptions, https://theicct.org/wp-content/uploads/2022/02/fuels-eu-cost-renew-H-produced-onsite-H-refueling-stations-europe-feb22.pdf adjusted according to DOE observations https://www.hydrogen.energy.gov/docs/hydrogenprogramlibraries/pdfs/24005-clean-hydrogen-production-cost-pem-electrolyzer.pdf?sfvrsn=8cb10889_1#:~:text=This%20Record%20shows%20that%20the,factors%20of%2050%2D75%25",Meaning of scenario and financial case: https://atb.nrel.gov/electricity/2024/definitions#scenarios,R&D,Advanced,
SOEC,investment,2030,2058,USD/kW,2022,"ICCT IRA e-fuels assumptions, https://theicct.org/wp-content/uploads/2022/02/fuels-eu-cost-renew-H-produced-onsite-H-refueling-stations-europe-feb22.pdf adjusted according to DOE observations https://www.hydrogen.energy.gov/docs/hydrogenprogramlibraries/pdfs/24005-clean-hydrogen-production-cost-pem-electrolyzer.pdf?sfvrsn=8cb10889_1#:~:text=This%20Record%20shows%20that%20the,factors%20of%2050%2D75%25",Meaning of scenario and financial case: https://atb.nrel.gov/electricity/2024/definitions#scenarios,R&D,Advanced,
SOEC,investment,2040,1597,USD/kW,2022,"ICCT IRA e-fuels assumptions, https://theicct.org/wp-content/uploads/2022/02/fuels-eu-cost-renew-H-produced-onsite-H-refueling-stations-europe-feb22.pdf adjusted according to DOE observations https://www.hydrogen.energy.gov/docs/hydrogenprogramlibraries/pdfs/24005-clean-hydrogen-production-cost-pem-electrolyzer.pdf?sfvrsn=8cb10889_1#:~:text=This%20Record%20shows%20that%20the,factors%20of%2050%2D75%25",Meaning of scenario and financial case: https://atb.nrel.gov/electricity/2024/definitions#scenarios,R&D,Advanced,
SOEC,investment,2050,1240,USD/kW,2022,"ICCT IRA e-fuels assumptions, https://theicct.org/wp-content/uploads/2022/02/fuels-eu-cost-renew-H-produced-onsite-H-refueling-stations-europe-feb22.pdf adjusted according to DOE observations https://www.hydrogen.energy.gov/docs/hydrogenprogramlibraries/pdfs/24005-clean-hydrogen-production-cost-pem-electrolyzer.pdf?sfvrsn=8cb10889_1#:~:text=This%20Record%20shows%20that%20the,factors%20of%2050%2D75%25",Meaning of scenario and financial case: https://atb.nrel.gov/electricity/2024/definitions#scenarios,R&D,Advanced,
Alkaline electrolyzer large size,investment,2020,1471,USD/kW,2022,"ICCT IRA e-fuels assumptions, https://theicct.org/wp-content/uploads/2022/02/fuels-eu-cost-renew-H-produced-onsite-H-refueling-stations-europe-feb22.pdf adjusted according to DOE observations https://www.hydrogen.energy.gov/docs/hydrogenprogramlibraries/pdfs/24005-clean-hydrogen-production-cost-pem-electrolyzer.pdf?sfvrsn=8cb10889_1#:~:text=This%20Record%20shows%20that%20the,factors%20of%2050%2D75%25",Meaning of scenario and financial case: https://atb.nrel.gov/electricity/2024/definitions#scenarios,Market,Moderate,
Alkaline electrolyzer large size,investment,2030,1202,USD/kW,2022,"ICCT IRA e-fuels assumptions, https://theicct.org/wp-content/uploads/2022/02/fuels-eu-cost-renew-H-produced-onsite-H-refueling-stations-europe-feb22.pdf adjusted according to DOE observations https://www.hydrogen.energy.gov/docs/hydrogenprogramlibraries/pdfs/24005-clean-hydrogen-production-cost-pem-electrolyzer.pdf?sfvrsn=8cb10889_1#:~:text=This%20Record%20shows%20that%20the,factors%20of%2050%2D75%25",Meaning of scenario and financial case: https://atb.nrel.gov/electricity/2024/definitions#scenarios,Market,Moderate,
Alkaline electrolyzer large size,investment,2040,982,USD/kW,2022,"ICCT IRA e-fuels assumptions, https://theicct.org/wp-content/uploads/2022/02/fuels-eu-cost-renew-H-produced-onsite-H-refueling-stations-europe-feb22.pdf adjusted according to DOE observations https://www.hydrogen.energy.gov/docs/hydrogenprogramlibraries/pdfs/24005-clean-hydrogen-production-cost-pem-electrolyzer.pdf?sfvrsn=8cb10889_1#:~:text=This%20Record%20shows%20that%20the,factors%20of%2050%2D75%25",Meaning of scenario and financial case: https://atb.nrel.gov/electricity/2024/definitions#scenarios,Market,Moderate,
Alkaline electrolyzer large size,investment,2050,802,USD/kW,2022,"ICCT IRA e-fuels assumptions, https://theicct.org/wp-content/uploads/2022/02/fuels-eu-cost-renew-H-produced-onsite-H-refueling-stations-europe-feb22.pdf adjusted according to DOE observations https://www.hydrogen.energy.gov/docs/hydrogenprogramlibraries/pdfs/24005-clean-hydrogen-production-cost-pem-electrolyzer.pdf?sfvrsn=8cb10889_1#:~:text=This%20Record%20shows%20that%20the,factors%20of%2050%2D75%25",Meaning of scenario and financial case: https://atb.nrel.gov/electricity/2024/definitions#scenarios,Market,Moderate,
PEM electrolyzer small size,investment,2020,2399,USD/kW,2022,"ICCT IRA e-fuels assumptions, https://theicct.org/wp-content/uploads/2022/02/fuels-eu-cost-renew-H-produced-onsite-H-refueling-stations-europe-feb22.pdf adjusted according to DOE observations https://www.hydrogen.energy.gov/docs/hydrogenprogramlibraries/pdfs/24005-clean-hydrogen-production-cost-pem-electrolyzer.pdf?sfvrsn=8cb10889_1#:~:text=This%20Record%20shows%20that%20the,factors%20of%2050%2D75%25",Meaning of scenario and financial case: https://atb.nrel.gov/electricity/2024/definitions#scenarios,Market,Moderate,
PEM electrolyzer small size,investment,2030,1960,USD/kW,2022,"ICCT IRA e-fuels assumptions, https://theicct.org/wp-content/uploads/2022/02/fuels-eu-cost-renew-H-produced-onsite-H-refueling-stations-europe-feb22.pdf adjusted according to DOE observations https://www.hydrogen.energy.gov/docs/hydrogenprogramlibraries/pdfs/24005-clean-hydrogen-production-cost-pem-electrolyzer.pdf?sfvrsn=8cb10889_1#:~:text=This%20Record%20shows%20that%20the,factors%20of%2050%2D75%25",Meaning of scenario and financial case: https://atb.nrel.gov/electricity/2024/definitions#scenarios,Market,Moderate,
PEM electrolyzer small size,investment,2040,1602,USD/kW,2022,"ICCT IRA e-fuels assumptions, https://theicct.org/wp-content/uploads/2022/02/fuels-eu-cost-renew-H-produced-onsite-H-refueling-stations-europe-feb22.pdf adjusted according to DOE observations https://www.hydrogen.energy.gov/docs/hydrogenprogramlibraries/pdfs/24005-clean-hydrogen-production-cost-pem-electrolyzer.pdf?sfvrsn=8cb10889_1#:~:text=This%20Record%20shows%20that%20the,factors%20of%2050%2D75%25",Meaning of scenario and financial case: https://atb.nrel.gov/electricity/2024/definitions#scenarios,Market,Moderate,
PEM electrolyzer small size,investment,2050,1309,USD/kW,2022,"ICCT IRA e-fuels assumptions, https://theicct.org/wp-content/uploads/2022/02/fuels-eu-cost-renew-H-produced-onsite-H-refueling-stations-europe-feb22.pdf adjusted according to DOE observations https://www.hydrogen.energy.gov/docs/hydrogenprogramlibraries/pdfs/24005-clean-hydrogen-production-cost-pem-electrolyzer.pdf?sfvrsn=8cb10889_1#:~:text=This%20Record%20shows%20that%20the,factors%20of%2050%2D75%25",Meaning of scenario and financial case: https://atb.nrel.gov/electricity/2024/definitions#scenarios,Market,Moderate,
SOEC,investment,2020,2651,USD/kW,2022,"ICCT IRA e-fuels assumptions, https://theicct.org/wp-content/uploads/2022/02/fuels-eu-cost-renew-H-produced-onsite-H-refueling-stations-europe-feb22.pdf adjusted according to DOE observations https://www.hydrogen.energy.gov/docs/hydrogenprogramlibraries/pdfs/24005-clean-hydrogen-production-cost-pem-electrolyzer.pdf?sfvrsn=8cb10889_1#:~:text=This%20Record%20shows%20that%20the,factors%20of%2050%2D75%25",Meaning of scenario and financial case: https://atb.nrel.gov/electricity/2024/definitions#scenarios,Market,Moderate,
SOEC,investment,2030,2166,USD/kW,2022,"ICCT IRA e-fuels assumptions, https://theicct.org/wp-content/uploads/2022/02/fuels-eu-cost-renew-H-produced-onsite-H-refueling-stations-europe-feb22.pdf adjusted according to DOE observations https://www.hydrogen.energy.gov/docs/hydrogenprogramlibraries/pdfs/24005-clean-hydrogen-production-cost-pem-electrolyzer.pdf?sfvrsn=8cb10889_1#:~:text=This%20Record%20shows%20that%20the,factors%20of%2050%2D75%25",Meaning of scenario and financial case: https://atb.nrel.gov/electricity/2024/definitions#scenarios,Market,Moderate,
SOEC,investment,2040,1770,USD/kW,2022,"ICCT IRA e-fuels assumptions, https://theicct.org/wp-content/uploads/2022/02/fuels-eu-cost-renew-H-produced-onsite-H-refueling-stations-europe-feb22.pdf adjusted according to DOE observations https://www.hydrogen.energy.gov/docs/hydrogenprogramlibraries/pdfs/24005-clean-hydrogen-production-cost-pem-electrolyzer.pdf?sfvrsn=8cb10889_1#:~:text=This%20Record%20shows%20that%20the,factors%20of%2050%2D75%25",Meaning of scenario and financial case: https://atb.nrel.gov/electricity/2024/definitions#scenarios,Market,Moderate,
SOEC,investment,2050,1446,USD/kW,2022,"ICCT IRA e-fuels assumptions, https://theicct.org/wp-content/uploads/2022/02/fuels-eu-cost-renew-H-produced-onsite-H-refueling-stations-europe-feb22.pdf adjusted according to DOE observations https://www.hydrogen.energy.gov/docs/hydrogenprogramlibraries/pdfs/24005-clean-hydrogen-production-cost-pem-electrolyzer.pdf?sfvrsn=8cb10889_1#:~:text=This%20Record%20shows%20that%20the,factors%20of%2050%2D75%25",Meaning of scenario and financial case: https://atb.nrel.gov/electricity/2024/definitions#scenarios,Market,Moderate,
Alkaline electrolyzer large size,investment,2020,1471,USD/kW,2022,"ICCT IRA e-fuels assumptions, https://theicct.org/wp-content/uploads/2022/02/fuels-eu-cost-renew-H-produced-onsite-H-refueling-stations-europe-feb22.pdf adjusted according to DOE observations https://www.hydrogen.energy.gov/docs/hydrogenprogramlibraries/pdfs/24005-clean-hydrogen-production-cost-pem-electrolyzer.pdf?sfvrsn=8cb10889_1#:~:text=This%20Record%20shows%20that%20the,factors%20of%2050%2D75%25",Meaning of scenario and financial case: https://atb.nrel.gov/electricity/2024/definitions#scenarios,Market,Conservative,
Alkaline electrolyzer large size,investment,2030,1399,USD/kW,2022,"ICCT IRA e-fuels assumptions, https://theicct.org/wp-content/uploads/2022/02/fuels-eu-cost-renew-H-produced-onsite-H-refueling-stations-europe-feb22.pdf adjusted according to DOE observations https://www.hydrogen.energy.gov/docs/hydrogenprogramlibraries/pdfs/24005-clean-hydrogen-production-cost-pem-electrolyzer.pdf?sfvrsn=8cb10889_1#:~:text=This%20Record%20shows%20that%20the,factors%20of%2050%2D75%25",Meaning of scenario and financial case: https://atb.nrel.gov/electricity/2024/definitions#scenarios,Market,Conservative,
Alkaline electrolyzer large size,investment,2040,1331,USD/kW,2022,"ICCT IRA e-fuels assumptions, https://theicct.org/wp-content/uploads/2022/02/fuels-eu-cost-renew-H-produced-onsite-H-refueling-stations-europe-feb22.pdf adjusted according to DOE observations https://www.hydrogen.energy.gov/docs/hydrogenprogramlibraries/pdfs/24005-clean-hydrogen-production-cost-pem-electrolyzer.pdf?sfvrsn=8cb10889_1#:~:text=This%20Record%20shows%20that%20the,factors%20of%2050%2D75%25",Meaning of scenario and financial case: https://atb.nrel.gov/electricity/2024/definitions#scenarios,Market,Conservative,
Alkaline electrolyzer large size,investment,2050,1266,USD/kW,2022,"ICCT IRA e-fuels assumptions, https://theicct.org/wp-content/uploads/2022/02/fuels-eu-cost-renew-H-produced-onsite-H-refueling-stations-europe-feb22.pdf adjusted according to DOE observations https://www.hydrogen.energy.gov/docs/hydrogenprogramlibraries/pdfs/24005-clean-hydrogen-production-cost-pem-electrolyzer.pdf?sfvrsn=8cb10889_1#:~:text=This%20Record%20shows%20that%20the,factors%20of%2050%2D75%25",Meaning of scenario and financial case: https://atb.nrel.gov/electricity/2024/definitions#scenarios,Market,Conservative,
PEM electrolyzer small size,investment,2020,2399,USD/kW,2022,"ICCT IRA e-fuels assumptions, https://theicct.org/wp-content/uploads/2022/02/fuels-eu-cost-renew-H-produced-onsite-H-refueling-stations-europe-feb22.pdf adjusted according to DOE observations https://www.hydrogen.energy.gov/docs/hydrogenprogramlibraries/pdfs/24005-clean-hydrogen-production-cost-pem-electrolyzer.pdf?sfvrsn=8cb10889_1#:~:text=This%20Record%20shows%20that%20the,factors%20of%2050%2D75%25",Meaning of scenario and financial case: https://atb.nrel.gov/electricity/2024/definitions#scenarios,Market,Conservative,
PEM electrolyzer small size,investment,2030,1960,USD/kW,2022,"ICCT IRA e-fuels assumptions, https://theicct.org/wp-content/uploads/2022/02/fuels-eu-cost-renew-H-produced-onsite-H-refueling-stations-europe-feb22.pdf adjusted according to DOE observations https://www.hydrogen.energy.gov/docs/hydrogenprogramlibraries/pdfs/24005-clean-hydrogen-production-cost-pem-electrolyzer.pdf?sfvrsn=8cb10889_1#:~:text=This%20Record%20shows%20that%20the,factors%20of%2050%2D75%25",Meaning of scenario and financial case: https://atb.nrel.gov/electricity/2024/definitions#scenarios,Market,Conservative,
PEM electrolyzer small size,investment,2040,1602,USD/kW,2022,"ICCT IRA e-fuels assumptions, https://theicct.org/wp-content/uploads/2022/02/fuels-eu-cost-renew-H-produced-onsite-H-refueling-stations-europe-feb22.pdf adjusted according to DOE observations https://www.hydrogen.energy.gov/docs/hydrogenprogramlibraries/pdfs/24005-clean-hydrogen-production-cost-pem-electrolyzer.pdf?sfvrsn=8cb10889_1#:~:text=This%20Record%20shows%20that%20the,factors%20of%2050%2D75%25",Meaning of scenario and financial case: https://atb.nrel.gov/electricity/2024/definitions#scenarios,Market,Conservative,
PEM electrolyzer small size,investment,2050,1309,USD/kW,2022,"ICCT IRA e-fuels assumptions, https://theicct.org/wp-content/uploads/2022/02/fuels-eu-cost-renew-H-produced-onsite-H-refueling-stations-europe-feb22.pdf adjusted according to DOE observations https://www.hydrogen.energy.gov/docs/hydrogenprogramlibraries/pdfs/24005-clean-hydrogen-production-cost-pem-electrolyzer.pdf?sfvrsn=8cb10889_1#:~:text=This%20Record%20shows%20that%20the,factors%20of%2050%2D75%25",Meaning of scenario and financial case: https://atb.nrel.gov/electricity/2024/definitions#scenarios,Market,Conservative,
SOEC,investment,2020,2651,USD/kW,2022,"ICCT IRA e-fuels assumptions, https://theicct.org/wp-content/uploads/2022/02/fuels-eu-cost-renew-H-produced-onsite-H-refueling-stations-europe-feb22.pdf adjusted according to DOE observations https://www.hydrogen.energy.gov/docs/hydrogenprogramlibraries/pdfs/24005-clean-hydrogen-production-cost-pem-electrolyzer.pdf?sfvrsn=8cb10889_1#:~:text=This%20Record%20shows%20that%20the,factors%20of%2050%2D75%25",Meaning of scenario and financial case: https://atb.nrel.gov/electricity/2024/definitions#scenarios,Market,Conservative,
SOEC,investment,2030,2521,USD/kW,2022,"ICCT IRA e-fuels assumptions, https://theicct.org/wp-content/uploads/2022/02/fuels-eu-cost-renew-H-produced-onsite-H-refueling-stations-europe-feb22.pdf adjusted according to DOE observations https://www.hydrogen.energy.gov/docs/hydrogenprogramlibraries/pdfs/24005-clean-hydrogen-production-cost-pem-electrolyzer.pdf?sfvrsn=8cb10889_1#:~:text=This%20Record%20shows%20that%20the,factors%20of%2050%2D75%25",Meaning of scenario and financial case: https://atb.nrel.gov/electricity/2024/definitions#scenarios,Market,Conservative,
SOEC,investment,2040,2398,USD/kW,2022,"ICCT IRA e-fuels assumptions, https://theicct.org/wp-content/uploads/2022/02/fuels-eu-cost-renew-H-produced-onsite-H-refueling-stations-europe-feb22.pdf adjusted according to DOE observations https://www.hydrogen.energy.gov/docs/hydrogenprogramlibraries/pdfs/24005-clean-hydrogen-production-cost-pem-electrolyzer.pdf?sfvrsn=8cb10889_1#:~:text=This%20Record%20shows%20that%20the,factors%20of%2050%2D75%25",Meaning of scenario and financial case: https://atb.nrel.gov/electricity/2024/definitions#scenarios,Market,Conservative,
SOEC,investment,2050,2281,USD/kW,2022,"ICCT IRA e-fuels assumptions, https://theicct.org/wp-content/uploads/2022/02/fuels-eu-cost-renew-H-produced-onsite-H-refueling-stations-europe-feb22.pdf adjusted according to DOE observations https://www.hydrogen.energy.gov/docs/hydrogenprogramlibraries/pdfs/24005-clean-hydrogen-production-cost-pem-electrolyzer.pdf?sfvrsn=8cb10889_1#:~:text=This%20Record%20shows%20that%20the,factors%20of%2050%2D75%25",Meaning of scenario and financial case: https://atb.nrel.gov/electricity/2024/definitions#scenarios,Market,Conservative,
Alkaline electrolyzer large size,investment,2020,1471,USD/kW,2022,"ICCT IRA e-fuels assumptions, https://theicct.org/wp-content/uploads/2022/02/fuels-eu-cost-renew-H-produced-onsite-H-refueling-stations-europe-feb22.pdf adjusted according to DOE observations https://www.hydrogen.energy.gov/docs/hydrogenprogramlibraries/pdfs/24005-clean-hydrogen-production-cost-pem-electrolyzer.pdf?sfvrsn=8cb10889_1#:~:text=This%20Record%20shows%20that%20the,factors%20of%2050%2D75%25",Meaning of scenario and financial case: https://atb.nrel.gov/electricity/2024/definitions#scenarios,Market,Advanced,
Alkaline electrolyzer large size,investment,2030,1142,USD/kW,2022,"ICCT IRA e-fuels assumptions, https://theicct.org/wp-content/uploads/2022/02/fuels-eu-cost-renew-H-produced-onsite-H-refueling-stations-europe-feb22.pdf adjusted according to DOE observations https://www.hydrogen.energy.gov/docs/hydrogenprogramlibraries/pdfs/24005-clean-hydrogen-production-cost-pem-electrolyzer.pdf?sfvrsn=8cb10889_1#:~:text=This%20Record%20shows%20that%20the,factors%20of%2050%2D75%25",Meaning of scenario and financial case: https://atb.nrel.gov/electricity/2024/definitions#scenarios,Market,Advanced,
Alkaline electrolyzer large size,investment,2040,886,USD/kW,2022,"ICCT IRA e-fuels assumptions, https://theicct.org/wp-content/uploads/2022/02/fuels-eu-cost-renew-H-produced-onsite-H-refueling-stations-europe-feb22.pdf adjusted according to DOE observations https://www.hydrogen.energy.gov/docs/hydrogenprogramlibraries/pdfs/24005-clean-hydrogen-production-cost-pem-electrolyzer.pdf?sfvrsn=8cb10889_1#:~:text=This%20Record%20shows%20that%20the,factors%20of%2050%2D75%25",Meaning of scenario and financial case: https://atb.nrel.gov/electricity/2024/definitions#scenarios,Market,Advanced,
Alkaline electrolyzer large size,investment,2050,688,USD/kW,2022,"ICCT IRA e-fuels assumptions, https://theicct.org/wp-content/uploads/2022/02/fuels-eu-cost-renew-H-produced-onsite-H-refueling-stations-europe-feb22.pdf adjusted according to DOE observations https://www.hydrogen.energy.gov/docs/hydrogenprogramlibraries/pdfs/24005-clean-hydrogen-production-cost-pem-electrolyzer.pdf?sfvrsn=8cb10889_1#:~:text=This%20Record%20shows%20that%20the,factors%20of%2050%2D75%25",Meaning of scenario and financial case: https://atb.nrel.gov/electricity/2024/definitions#scenarios,Market,Advanced,
PEM electrolyzer small size,investment,2020,2399,USD/kW,2022,"ICCT IRA e-fuels assumptions, https://theicct.org/wp-content/uploads/2022/02/fuels-eu-cost-renew-H-produced-onsite-H-refueling-stations-europe-feb22.pdf adjusted according to DOE observations https://www.hydrogen.energy.gov/docs/hydrogenprogramlibraries/pdfs/24005-clean-hydrogen-production-cost-pem-electrolyzer.pdf?sfvrsn=8cb10889_1#:~:text=This%20Record%20shows%20that%20the,factors%20of%2050%2D75%25",Meaning of scenario and financial case: https://atb.nrel.gov/electricity/2024/definitions#scenarios,Market,Advanced,
PEM electrolyzer small size,investment,2030,1862,USD/kW,2022,"ICCT IRA e-fuels assumptions, https://theicct.org/wp-content/uploads/2022/02/fuels-eu-cost-renew-H-produced-onsite-H-refueling-stations-europe-feb22.pdf adjusted according to DOE observations https://www.hydrogen.energy.gov/docs/hydrogenprogramlibraries/pdfs/24005-clean-hydrogen-production-cost-pem-electrolyzer.pdf?sfvrsn=8cb10889_1#:~:text=This%20Record%20shows%20that%20the,factors%20of%2050%2D75%25",Meaning of scenario and financial case: https://atb.nrel.gov/electricity/2024/definitions#scenarios,Market,Advanced,
PEM electrolyzer small size,investment,2040,1446,USD/kW,2022,"ICCT IRA e-fuels assumptions, https://theicct.org/wp-content/uploads/2022/02/fuels-eu-cost-renew-H-produced-onsite-H-refueling-stations-europe-feb22.pdf adjusted according to DOE observations https://www.hydrogen.energy.gov/docs/hydrogenprogramlibraries/pdfs/24005-clean-hydrogen-production-cost-pem-electrolyzer.pdf?sfvrsn=8cb10889_1#:~:text=This%20Record%20shows%20that%20the,factors%20of%2050%2D75%25",Meaning of scenario and financial case: https://atb.nrel.gov/electricity/2024/definitions#scenarios,Market,Advanced,
PEM electrolyzer small size,investment,2050,1122,USD/kW,2022,"ICCT IRA e-fuels assumptions, https://theicct.org/wp-content/uploads/2022/02/fuels-eu-cost-renew-H-produced-onsite-H-refueling-stations-europe-feb22.pdf adjusted according to DOE observations https://www.hydrogen.energy.gov/docs/hydrogenprogramlibraries/pdfs/24005-clean-hydrogen-production-cost-pem-electrolyzer.pdf?sfvrsn=8cb10889_1#:~:text=This%20Record%20shows%20that%20the,factors%20of%2050%2D75%25",Meaning of scenario and financial case: https://atb.nrel.gov/electricity/2024/definitions#scenarios,Market,Advanced,
SOEC,investment,2020,2651,USD/kW,2022,"ICCT IRA e-fuels assumptions, https://theicct.org/wp-content/uploads/2022/02/fuels-eu-cost-renew-H-produced-onsite-H-refueling-stations-europe-feb22.pdf adjusted according to DOE observations https://www.hydrogen.energy.gov/docs/hydrogenprogramlibraries/pdfs/24005-clean-hydrogen-production-cost-pem-electrolyzer.pdf?sfvrsn=8cb10889_1#:~:text=This%20Record%20shows%20that%20the,factors%20of%2050%2D75%25",Meaning of scenario and financial case: https://atb.nrel.gov/electricity/2024/definitions#scenarios,Market,Advanced,
SOEC,investment,2030,2058,USD/kW,2022,"ICCT IRA e-fuels assumptions, https://theicct.org/wp-content/uploads/2022/02/fuels-eu-cost-renew-H-produced-onsite-H-refueling-stations-europe-feb22.pdf adjusted according to DOE observations https://www.hydrogen.energy.gov/docs/hydrogenprogramlibraries/pdfs/24005-clean-hydrogen-production-cost-pem-electrolyzer.pdf?sfvrsn=8cb10889_1#:~:text=This%20Record%20shows%20that%20the,factors%20of%2050%2D75%25",Meaning of scenario and financial case: https://atb.nrel.gov/electricity/2024/definitions#scenarios,Market,Advanced,
SOEC,investment,2040,1597,USD/kW,2022,"ICCT IRA e-fuels assumptions, https://theicct.org/wp-content/uploads/2022/02/fuels-eu-cost-renew-H-produced-onsite-H-refueling-stations-europe-feb22.pdf adjusted according to DOE observations https://www.hydrogen.energy.gov/docs/hydrogenprogramlibraries/pdfs/24005-clean-hydrogen-production-cost-pem-electrolyzer.pdf?sfvrsn=8cb10889_1#:~:text=This%20Record%20shows%20that%20the,factors%20of%2050%2D75%25",Meaning of scenario and financial case: https://atb.nrel.gov/electricity/2024/definitions#scenarios,Market,Advanced,
SOEC,investment,2050,1240,USD/kW,2022,"ICCT IRA e-fuels assumptions, https://theicct.org/wp-content/uploads/2022/02/fuels-eu-cost-renew-H-produced-onsite-H-refueling-stations-europe-feb22.pdf adjusted according to DOE observations https://www.hydrogen.energy.gov/docs/hydrogenprogramlibraries/pdfs/24005-clean-hydrogen-production-cost-pem-electrolyzer.pdf?sfvrsn=8cb10889_1#:~:text=This%20Record%20shows%20that%20the,factors%20of%2050%2D75%25",Meaning of scenario and financial case: https://atb.nrel.gov/electricity/2024/definitions#scenarios,Market,Advanced,
Alkaline electrolyzer large size,FOM,2020,4,%/year,2022,ICCT IRA e-fuels assumptions ,Meaning of scenario and financial case: https://atb.nrel.gov/electricity/2024/definitions#scenarios,R&D,Moderate,
Alkaline electrolyzer large size,FOM,2030,4,%/year,2022,ICCT IRA e-fuels assumptions ,Meaning of scenario and financial case: https://atb.nrel.gov/electricity/2024/definitions#scenarios,R&D,Moderate,
Alkaline electrolyzer large size,FOM,2050,4,%/year,2022,ICCT IRA e-fuels assumptions ,Meaning of scenario and financial case: https://atb.nrel.gov/electricity/2024/definitions#scenarios,R&D,Moderate,
PEM electrolyzer small size,FOM,2020,4,%/year,2022,ICCT IRA e-fuels assumptions ,Meaning of scenario and financial case: https://atb.nrel.gov/electricity/2024/definitions#scenarios,R&D,Moderate,
PEM electrolyzer small size,FOM,2030,4,%/year,2022,ICCT IRA e-fuels assumptions ,Meaning of scenario and financial case: https://atb.nrel.gov/electricity/2024/definitions#scenarios,R&D,Moderate,
PEM electrolyzer small size,FOM,2050,4,%/year,2022,ICCT IRA e-fuels assumptions ,Meaning of scenario and financial case: https://atb.nrel.gov/electricity/2024/definitions#scenarios,R&D,Moderate,
SOEC,FOM,2020,4,%/year,2022,ICCT IRA e-fuels assumptions ,Meaning of scenario and financial case: https://atb.nrel.gov/electricity/2024/definitions#scenarios,R&D,Moderate,
SOEC,FOM,2030,4,%/year,2022,ICCT IRA e-fuels assumptions ,Meaning of scenario and financial case: https://atb.nrel.gov/electricity/2024/definitions#scenarios,R&D,Moderate,
SOEC,FOM,2050,4,%/year,2022,ICCT IRA e-fuels assumptions ,Meaning of scenario and financial case: https://atb.nrel.gov/electricity/2024/definitions#scenarios,R&D,Moderate,
Alkaline electrolyzer large size,FOM,2020,4,%/year,2022,ICCT IRA e-fuels assumptions ,Meaning of scenario and financial case: https://atb.nrel.gov/electricity/2024/definitions#scenarios,R&D,Conservative,
Alkaline electrolyzer large size,FOM,2030,4,%/year,2022,ICCT IRA e-fuels assumptions ,Meaning of scenario and financial case: https://atb.nrel.gov/electricity/2024/definitions#scenarios,R&D,Conservative,
Alkaline electrolyzer large size,FOM,2050,4,%/year,2022,ICCT IRA e-fuels assumptions ,Meaning of scenario and financial case: https://atb.nrel.gov/electricity/2024/definitions#scenarios,R&D,Conservative,
PEM electrolyzer small size,FOM,2020,4,%/year,2022,ICCT IRA e-fuels assumptions ,Meaning of scenario and financial case: https://atb.nrel.gov/electricity/2024/definitions#scenarios,R&D,Conservative,
PEM electrolyzer small size,FOM,2030,4,%/year,2022,ICCT IRA e-fuels assumptions ,Meaning of scenario and financial case: https://atb.nrel.gov/electricity/2024/definitions#scenarios,R&D,Conservative,
PEM electrolyzer small size,FOM,2050,4,%/year,2022,ICCT IRA e-fuels assumptions ,Meaning of scenario and financial case: https://atb.nrel.gov/electricity/2024/definitions#scenarios,R&D,Conservative,
SOEC,FOM,2020,4,%/year,2022,ICCT IRA e-fuels assumptions ,Meaning of scenario and financial case: https://atb.nrel.gov/electricity/2024/definitions#scenarios,R&D,Conservative,
SOEC,FOM,2030,4,%/year,2022,ICCT IRA e-fuels assumptions ,Meaning of scenario and financial case: https://atb.nrel.gov/electricity/2024/definitions#scenarios,R&D,Conservative,
SOEC,FOM,2050,4,%/year,2022,ICCT IRA e-fuels assumptions ,Meaning of scenario and financial case: https://atb.nrel.gov/electricity/2024/definitions#scenarios,R&D,Conservative,
Alkaline electrolyzer large size,FOM,2020,4,%/year,2022,ICCT IRA e-fuels assumptions ,Meaning of scenario and financial case: https://atb.nrel.gov/electricity/2024/definitions#scenarios,R&D,Advanced,
Alkaline electrolyzer large size,FOM,2030,4,%/year,2022,ICCT IRA e-fuels assumptions ,Meaning of scenario and financial case: https://atb.nrel.gov/electricity/2024/definitions#scenarios,R&D,Advanced,
Alkaline electrolyzer large size,FOM,2050,4,%/year,2022,ICCT IRA e-fuels assumptions ,Meaning of scenario and financial case: https://atb.nrel.gov/electricity/2024/definitions#scenarios,R&D,Advanced,
PEM electrolyzer small size,FOM,2020,4,%/year,2022,ICCT IRA e-fuels assumptions ,Meaning of scenario and financial case: https://atb.nrel.gov/electricity/2024/definitions#scenarios,R&D,Advanced,
PEM electrolyzer small size,FOM,2030,4,%/year,2022,ICCT IRA e-fuels assumptions ,Meaning of scenario and financial case: https://atb.nrel.gov/electricity/2024/definitions#scenarios,R&D,Advanced,
PEM electrolyzer small size,FOM,2050,4,%/year,2022,ICCT IRA e-fuels assumptions ,Meaning of scenario and financial case: https://atb.nrel.gov/electricity/2024/definitions#scenarios,R&D,Advanced,
SOEC,FOM,2020,4,%/year,2022,ICCT IRA e-fuels assumptions ,Meaning of scenario and financial case: https://atb.nrel.gov/electricity/2024/definitions#scenarios,R&D,Advanced,
SOEC,FOM,2030,4,%/year,2022,ICCT IRA e-fuels assumptions ,Meaning of scenario and financial case: https://atb.nrel.gov/electricity/2024/definitions#scenarios,R&D,Advanced,
SOEC,FOM,2050,4,%/year,2022,ICCT IRA e-fuels assumptions ,Meaning of scenario and financial case: https://atb.nrel.gov/electricity/2024/definitions#scenarios,R&D,Advanced,
Alkaline electrolyzer large size,FOM,2020,4,%/year,2022,ICCT IRA e-fuels assumptions ,Meaning of scenario and financial case: https://atb.nrel.gov/electricity/2024/definitions#scenarios,Market,Moderate,
Alkaline electrolyzer large size,FOM,2030,4,%/year,2022,ICCT IRA e-fuels assumptions ,Meaning of scenario and financial case: https://atb.nrel.gov/electricity/2024/definitions#scenarios,Market,Moderate,
Alkaline electrolyzer large size,FOM,2050,4,%/year,2022,ICCT IRA e-fuels assumptions ,Meaning of scenario and financial case: https://atb.nrel.gov/electricity/2024/definitions#scenarios,Market,Moderate,
PEM electrolyzer small size,FOM,2020,4,%/year,2022,ICCT IRA e-fuels assumptions ,Meaning of scenario and financial case: https://atb.nrel.gov/electricity/2024/definitions#scenarios,Market,Moderate,
PEM electrolyzer small size,FOM,2030,4,%/year,2022,ICCT IRA e-fuels assumptions ,Meaning of scenario and financial case: https://atb.nrel.gov/electricity/2024/definitions#scenarios,Market,Moderate,
PEM electrolyzer small size,FOM,2050,4,%/year,2022,ICCT IRA e-fuels assumptions ,Meaning of scenario and financial case: https://atb.nrel.gov/electricity/2024/definitions#scenarios,Market,Moderate,
SOEC,FOM,2020,4,%/year,2022,ICCT IRA e-fuels assumptions ,Meaning of scenario and financial case: https://atb.nrel.gov/electricity/2024/definitions#scenarios,Market,Moderate,
SOEC,FOM,2030,4,%/year,2022,ICCT IRA e-fuels assumptions ,Meaning of scenario and financial case: https://atb.nrel.gov/electricity/2024/definitions#scenarios,Market,Moderate,
SOEC,FOM,2050,4,%/year,2022,ICCT IRA e-fuels assumptions ,Meaning of scenario and financial case: https://atb.nrel.gov/electricity/2024/definitions#scenarios,Market,Moderate,
Alkaline electrolyzer large size,FOM,2020,4,%/year,2022,ICCT IRA e-fuels assumptions ,Meaning of scenario and financial case: https://atb.nrel.gov/electricity/2024/definitions#scenarios,Market,Conservative,
Alkaline electrolyzer large size,FOM,2030,4,%/year,2022,ICCT IRA e-fuels assumptions ,Meaning of scenario and financial case: https://atb.nrel.gov/electricity/2024/definitions#scenarios,Market,Conservative,
Alkaline electrolyzer large size,FOM,2050,4,%/year,2022,ICCT IRA e-fuels assumptions ,Meaning of scenario and financial case: https://atb.nrel.gov/electricity/2024/definitions#scenarios,Market,Conservative,
PEM electrolyzer small size,FOM,2020,4,%/year,2022,ICCT IRA e-fuels assumptions ,Meaning of scenario and financial case: https://atb.nrel.gov/electricity/2024/definitions#scenarios,Market,Conservative,
PEM electrolyzer small size,FOM,2030,4,%/year,2022,ICCT IRA e-fuels assumptions ,Meaning of scenario and financial case: https://atb.nrel.gov/electricity/2024/definitions#scenarios,Market,Conservative,
PEM electrolyzer small size,FOM,2050,4,%/year,2022,ICCT IRA e-fuels assumptions ,Meaning of scenario and financial case: https://atb.nrel.gov/electricity/2024/definitions#scenarios,Market,Conservative,
SOEC,FOM,2020,4,%/year,2022,ICCT IRA e-fuels assumptions ,Meaning of scenario and financial case: https://atb.nrel.gov/electricity/2024/definitions#scenarios,Market,Conservative,
SOEC,FOM,2030,4,%/year,2022,ICCT IRA e-fuels assumptions ,Meaning of scenario and financial case: https://atb.nrel.gov/electricity/2024/definitions#scenarios,Market,Conservative,
SOEC,FOM,2050,4,%/year,2022,ICCT IRA e-fuels assumptions ,Meaning of scenario and financial case: https://atb.nrel.gov/electricity/2024/definitions#scenarios,Market,Conservative,
Alkaline electrolyzer large size,FOM,2020,4,%/year,2022,ICCT IRA e-fuels assumptions ,Meaning of scenario and financial case: https://atb.nrel.gov/electricity/2024/definitions#scenarios,Market,Advanced,
Alkaline electrolyzer large size,FOM,2030,4,%/year,2022,ICCT IRA e-fuels assumptions ,Meaning of scenario and financial case: https://atb.nrel.gov/electricity/2024/definitions#scenarios,Market,Advanced,
Alkaline electrolyzer large size,FOM,2050,4,%/year,2022,ICCT IRA e-fuels assumptions ,Meaning of scenario and financial case: https://atb.nrel.gov/electricity/2024/definitions#scenarios,Market,Advanced,
PEM electrolyzer small size,FOM,2020,4,%/year,2022,ICCT IRA e-fuels assumptions ,Meaning of scenario and financial case: https://atb.nrel.gov/electricity/2024/definitions#scenarios,Market,Advanced,
PEM electrolyzer small size,FOM,2030,4,%/year,2022,ICCT IRA e-fuels assumptions ,Meaning of scenario and financial case: https://atb.nrel.gov/electricity/2024/definitions#scenarios,Market,Advanced,
PEM electrolyzer small size,FOM,2050,4,%/year,2022,ICCT IRA e-fuels assumptions ,Meaning of scenario and financial case: https://atb.nrel.gov/electricity/2024/definitions#scenarios,Market,Advanced,
SOEC,FOM,2020,4,%/year,2022,ICCT IRA e-fuels assumptions ,Meaning of scenario and financial case: https://atb.nrel.gov/electricity/2024/definitions#scenarios,Market,Advanced,
SOEC,FOM,2030,4,%/year,2022,ICCT IRA e-fuels assumptions ,Meaning of scenario and financial case: https://atb.nrel.gov/electricity/2024/definitions#scenarios,Market,Advanced,
SOEC,FOM,2050,4,%/year,2022,ICCT IRA e-fuels assumptions ,Meaning of scenario and financial case: https://atb.nrel.gov/electricity/2024/definitions#scenarios,Market,Advanced,
battery storage,investment,2022,405.4,USD/kWh,2022,"NREL, 2024 ATB Excel Workbook, Sheet “Utility-Scale Battery Storage”, https://data.openei.org/files/6006/2024_v3_Workbook.xlsx",Includes grid connection and project financing costs, Meaning of scenario and financial case: https://atb.nrel.gov/electricity/2024/definitions#scenarios,R&D,Moderate
battery storage,investment,2030,254.8,USD/kWh,2022,"NREL, 2024 ATB Excel Workbook, Sheet “Utility-Scale Battery Storage”, https://data.openei.org/files/6006/2024_v3_Workbook.xlsx",Includes grid connection and project financing costs, Meaning of scenario and financial case: https://atb.nrel.gov/electricity/2024/definitions#scenarios,R&D,Moderate
battery storage,investment,2040,208.6,USD/kWh,2022,"NREL, 2024 ATB Excel Workbook, Sheet “Utility-Scale Battery Storage”, https://data.openei.org/files/6006/2024_v3_Workbook.xlsx",Includes grid connection and project financing costs, Meaning of scenario and financial case: https://atb.nrel.gov/electricity/2024/definitions#scenarios,R&D,Moderate
battery storage,investment,2050,163,USD/kWh,2022,"NREL, 2024 ATB Excel Workbook, Sheet “Utility-Scale Battery Storage”, https://data.openei.org/files/6006/2024_v3_Workbook.xlsx",Includes grid connection and project financing costs, Meaning of scenario and financial case: https://atb.nrel.gov/electricity/2024/definitions#scenarios,R&D,Moderate
battery storage,investment,2022,405.4,USD/kWh,2022,"NREL, 2024 ATB Excel Workbook, Sheet “Utility-Scale Battery Storage”, https://data.openei.org/files/6006/2024_v3_Workbook.xlsx",Includes grid connection and project financing costs, Meaning of scenario and financial case: https://atb.nrel.gov/electricity/2024/definitions#scenarios,R&D,Conservative
battery storage,investment,2030,330.4,USD/kWh,2022,"NREL, 2024 ATB Excel Workbook, Sheet “Utility-Scale Battery Storage”, https://data.openei.org/files/6006/2024_v3_Workbook.xlsx",Includes grid connection and project financing costs, Meaning of scenario and financial case: https://atb.nrel.gov/electricity/2024/definitions#scenarios,R&D,Conservative
battery storage,investment,2040,307.8,USD/kWh,2022,"NREL, 2024 ATB Excel Workbook, Sheet “Utility-Scale Battery Storage”, https://data.openei.org/files/6006/2024_v3_Workbook.xlsx",Includes grid connection and project financing costs, Meaning of scenario and financial case: https://atb.nrel.gov/electricity/2024/definitions#scenarios,R&D,Conservative
battery storage,investment,2050,285.2,USD/kWh,2022,"NREL, 2024 ATB Excel Workbook, Sheet “Utility-Scale Battery Storage”, https://data.openei.org/files/6006/2024_v3_Workbook.xlsx",Includes grid connection and project financing costs, Meaning of scenario and financial case: https://atb.nrel.gov/electricity/2024/definitions#scenarios,R&D,Conservative
battery storage,investment,2022,405.4,USD/kWh,2022,"NREL, 2024 ATB Excel Workbook, Sheet “Utility-Scale Battery Storage”, https://data.openei.org/files/6006/2024_v3_Workbook.xlsx",Includes grid connection and project financing costs, Meaning of scenario and financial case: https://atb.nrel.gov/electricity/2024/definitions#scenarios,R&D,Advanced
battery storage,investment,2030,205.8,USD/kWh,2022,"NREL, 2024 ATB Excel Workbook, Sheet “Utility-Scale Battery Storage”, https://data.openei.org/files/6006/2024_v3_Workbook.xlsx",Includes grid connection and project financing costs, Meaning of scenario and financial case: https://atb.nrel.gov/electricity/2024/definitions#scenarios,R&D,Advanced
battery storage,investment,2040,169.5,USD/kWh,2022,"NREL, 2024 ATB Excel Workbook, Sheet “Utility-Scale Battery Storage”, https://data.openei.org/files/6006/2024_v3_Workbook.xlsx",Includes grid connection and project financing costs, Meaning of scenario and financial case: https://atb.nrel.gov/electricity/2024/definitions#scenarios,R&D,Advanced
battery storage,investment,2050,134,USD/kWh,2022,"NREL, 2024 ATB Excel Workbook, Sheet “Utility-Scale Battery Storage”, https://data.openei.org/files/6006/2024_v3_Workbook.xlsx",Includes grid connection and project financing costs, Meaning of scenario and financial case: https://atb.nrel.gov/electricity/2024/definitions#scenarios,R&D,Advanced
battery storage,investment,2022,405.4,USD/kWh,2022,"NREL, 2024 ATB Excel Workbook, Sheet “Utility-Scale Battery Storage”, https://data.openei.org/files/6006/2024_v3_Workbook.xlsx",Includes grid connection and project financing costs, Meaning of scenario and financial case: https://atb.nrel.gov/electricity/2024/definitions#scenarios,Market,Moderate
battery storage,investment,2030,254.8,USD/kWh,2022,"NREL, 2024 ATB Excel Workbook, Sheet “Utility-Scale Battery Storage”, https://data.openei.org/files/6006/2024_v3_Workbook.xlsx",Includes grid connection and project financing costs, Meaning of scenario and financial case: https://atb.nrel.gov/electricity/2024/definitions#scenarios,Market,Moderate
battery storage,investment,2040,208.6,USD/kWh,2022,"NREL, 2024 ATB Excel Workbook, Sheet “Utility-Scale Battery Storage”, https://data.openei.org/files/6006/2024_v3_Workbook.xlsx",Includes grid connection and project financing costs, Meaning of scenario and financial case: https://atb.nrel.gov/electricity/2024/definitions#scenarios,Market,Moderate
battery storage,investment,2050,163,USD/kWh,2022,"NREL, 2024 ATB Excel Workbook, Sheet “Utility-Scale Battery Storage”, https://data.openei.org/files/6006/2024_v3_Workbook.xlsx",Includes grid connection and project financing costs, Meaning of scenario and financial case: https://atb.nrel.gov/electricity/2024/definitions#scenarios,Market,Moderate
battery storage,investment,2022,405.4,USD/kWh,2022,"NREL, 2024 ATB Excel Workbook, Sheet “Utility-Scale Battery Storage”, https://data.openei.org/files/6006/2024_v3_Workbook.xlsx",Includes grid connection and project financing costs, Meaning of scenario and financial case: https://atb.nrel.gov/electricity/2024/definitions#scenarios,Market,Conservative
battery storage,investment,2030,330.4,USD/kWh,2022,"NREL, 2024 ATB Excel Workbook, Sheet “Utility-Scale Battery Storage”, https://data.openei.org/files/6006/2024_v3_Workbook.xlsx",Includes grid connection and project financing costs, Meaning of scenario and financial case: https://atb.nrel.gov/electricity/2024/definitions#scenarios,Market,Conservative
battery storage,investment,2040,307.8,USD/kWh,2022,"NREL, 2024 ATB Excel Workbook, Sheet “Utility-Scale Battery Storage”, https://data.openei.org/files/6006/2024_v3_Workbook.xlsx",Includes grid connection and project financing costs, Meaning of scenario and financial case: https://atb.nrel.gov/electricity/2024/definitions#scenarios,Market,Conservative
battery storage,investment,2050,285.2,USD/kWh,2022,"NREL, 2024 ATB Excel Workbook, Sheet “Utility-Scale Battery Storage”, https://data.openei.org/files/6006/2024_v3_Workbook.xlsx",Includes grid connection and project financing costs, Meaning of scenario and financial case: https://atb.nrel.gov/electricity/2024/definitions#scenarios,Market,Conservative
battery storage,investment,2022,405.4,USD/kWh,2022,"NREL, 2024 ATB Excel Workbook, Sheet “Utility-Scale Battery Storage”, https://data.openei.org/files/6006/2024_v3_Workbook.xlsx",Includes grid connection and project financing costs, Meaning of scenario and financial case: https://atb.nrel.gov/electricity/2024/definitions#scenarios,Market,Advanced
battery storage,investment,2030,205.8,USD/kWh,2022,"NREL, 2024 ATB Excel Workbook, Sheet “Utility-Scale Battery Storage”, https://data.openei.org/files/6006/2024_v3_Workbook.xlsx",Includes grid connection and project financing costs, Meaning of scenario and financial case: https://atb.nrel.gov/electricity/2024/definitions#scenarios,Market,Advanced
battery storage,investment,2040,169.5,USD/kWh,2022,"NREL, 2024 ATB Excel Workbook, Sheet “Utility-Scale Battery Storage”, https://data.openei.org/files/6006/2024_v3_Workbook.xlsx",Includes grid connection and project financing costs, Meaning of scenario and financial case: https://atb.nrel.gov/electricity/2024/definitions#scenarios,Market,Advanced
battery storage,investment,2050,134,USD/kWh,2022,"NREL, 2024 ATB Excel Workbook, Sheet “Utility-Scale Battery Storage”, https://data.openei.org/files/6006/2024_v3_Workbook.xlsx",Includes grid connection and project financing costs, Meaning of scenario and financial case: https://atb.nrel.gov/electricity/2024/definitions#scenarios,Market,Advanced
battery inverter,investment,2022,480.1,USD/kW,2022,"NREL, 2024 ATB Excel Workbook, Sheet “Utility-Scale Battery Storage”, https://data.openei.org/files/6006/2024_v3_Workbook.xlsx",Includes grid connection and project financing costs, Meaning of scenario and financial case: https://atb.nrel.gov/electricity/2024/definitions#scenarios,R&D,Moderate
battery inverter,investment,2030,432.8,USD/kW,2022,"NREL, 2024 ATB Excel Workbook, Sheet “Utility-Scale Battery Storage”, https://data.openei.org/files/6006/2024_v3_Workbook.xlsx",Includes grid connection and project financing costs, Meaning of scenario and financial case: https://atb.nrel.gov/electricity/2024/definitions#scenarios,R&D,Moderate
battery inverter,investment,2040,409.6,USD/kW,2022,"NREL, 2024 ATB Excel Workbook, Sheet “Utility-Scale Battery Storage”, https://data.openei.org/files/6006/2024_v3_Workbook.xlsx",Includes grid connection and project financing costs, Meaning of scenario and financial case: https://atb.nrel.gov/electricity/2024/definitions#scenarios,R&D,Moderate
battery inverter,investment,2050,384,USD/kW,2022,"NREL, 2024 ATB Excel Workbook, Sheet “Utility-Scale Battery Storage”, https://data.openei.org/files/6006/2024_v3_Workbook.xlsx",Includes grid connection and project financing costs, Meaning of scenario and financial case: https://atb.nrel.gov/electricity/2024/definitions#scenarios,R&D,Moderate
battery inverter,investment,2022,480.1,USD/kW,2022,"NREL, 2024 ATB Excel Workbook, Sheet “Utility-Scale Battery Storage”, https://data.openei.org/files/6006/2024_v3_Workbook.xlsx",Includes grid connection and project financing costs, Meaning of scenario and financial case: https://atb.nrel.gov/electricity/2024/definitions#scenarios,R&D,Conservative
battery inverter,investment,2030,454.2,USD/kW,2022,"NREL, 2024 ATB Excel Workbook, Sheet “Utility-Scale Battery Storage”, https://data.openei.org/files/6006/2024_v3_Workbook.xlsx",Includes grid connection and project financing costs, Meaning of scenario and financial case: https://atb.nrel.gov/electricity/2024/definitions#scenarios,R&D,Conservative
battery inverter,investment,2040,430.3,USD/kW,2022,"NREL, 2024 ATB Excel Workbook, Sheet “Utility-Scale Battery Storage”, https://data.openei.org/files/6006/2024_v3_Workbook.xlsx",Includes grid connection and project financing costs, Meaning of scenario and financial case: https://atb.nrel.gov/electricity/2024/definitions#scenarios,R&D,Conservative
battery inverter,investment,2050,406.2,USD/kW,2022,"NREL, 2024 ATB Excel Workbook, Sheet “Utility-Scale Battery Storage”, https://data.openei.org/files/6006/2024_v3_Workbook.xlsx",Includes grid connection and project financing costs, Meaning of scenario and financial case: https://atb.nrel.gov/electricity/2024/definitions#scenarios,R&D,Conservative
battery inverter,investment,2022,480.1,USD/kW,2022,"NREL, 2024 ATB Excel Workbook, Sheet “Utility-Scale Battery Storage”, https://data.openei.org/files/6006/2024_v3_Workbook.xlsx",Includes grid connection and project financing costs, Meaning of scenario and financial case: https://atb.nrel.gov/electricity/2024/definitions#scenarios,R&D,Advanced
battery inverter,investment,2030,294.7,USD/kW,2022,"NREL, 2024 ATB Excel Workbook, Sheet “Utility-Scale Battery Storage”, https://data.openei.org/files/6006/2024_v3_Workbook.xlsx",Includes grid connection and project financing costs, Meaning of scenario and financial case: https://atb.nrel.gov/electricity/2024/definitions#scenarios,R&D,Advanced
battery inverter,investment,2040,262,USD/kW,2022,"NREL, 2024 ATB Excel Workbook, Sheet “Utility-Scale Battery Storage”, https://data.openei.org/files/6006/2024_v3_Workbook.xlsx",Includes grid connection and project financing costs, Meaning of scenario and financial case: https://atb.nrel.gov/electricity/2024/definitions#scenarios,R&D,Advanced
battery inverter,investment,2050,226.6,USD/kW,2022,"NREL, 2024 ATB Excel Workbook, Sheet “Utility-Scale Battery Storage”, https://data.openei.org/files/6006/2024_v3_Workbook.xlsx",Includes grid connection and project financing costs, Meaning of scenario and financial case: https://atb.nrel.gov/electricity/2024/definitions#scenarios,R&D,Advanced
battery inverter,investment,2022,480.1,USD/kW,2022,"NREL, 2024 ATB Excel Workbook, Sheet “Utility-Scale Battery Storage”, https://data.openei.org/files/6006/2024_v3_Workbook.xlsx",Includes grid connection and project financing costs, Meaning of scenario and financial case: https://atb.nrel.gov/electricity/2024/definitions#scenarios,Market,Moderate
battery inverter,investment,2030,432.8,USD/kW,2022,"NREL, 2024 ATB Excel Workbook, Sheet “Utility-Scale Battery Storage”, https://data.openei.org/files/6006/2024_v3_Workbook.xlsx",Includes grid connection and project financing costs, Meaning of scenario and financial case: https://atb.nrel.gov/electricity/2024/definitions#scenarios,Market,Moderate
battery inverter,investment,2040,409.6,USD/kW,2022,"NREL, 2024 ATB Excel Workbook, Sheet “Utility-Scale Battery Storage”, https://data.openei.org/files/6006/2024_v3_Workbook.xlsx",Includes grid connection and project financing costs, Meaning of scenario and financial case: https://atb.nrel.gov/electricity/2024/definitions#scenarios,Market,Moderate
battery inverter,investment,2050,384,USD/kW,2022,"NREL, 2024 ATB Excel Workbook, Sheet “Utility-Scale Battery Storage”, https://data.openei.org/files/6006/2024_v3_Workbook.xlsx",Includes grid connection and project financing costs, Meaning of scenario and financial case: https://atb.nrel.gov/electricity/2024/definitions#scenarios,Market,Moderate
battery inverter,investment,2022,480.1,USD/kW,2022,"NREL, 2024 ATB Excel Workbook, Sheet “Utility-Scale Battery Storage”, https://data.openei.org/files/6006/2024_v3_Workbook.xlsx",Includes grid connection and project financing costs, Meaning of scenario and financial case: https://atb.nrel.gov/electricity/2024/definitions#scenarios,Market,Conservative
battery inverter,investment,2030,454.2,USD/kW,2022,"NREL, 2024 ATB Excel Workbook, Sheet “Utility-Scale Battery Storage”, https://data.openei.org/files/6006/2024_v3_Workbook.xlsx",Includes grid connection and project financing costs, Meaning of scenario and financial case: https://atb.nrel.gov/electricity/2024/definitions#scenarios,Market,Conservative
battery inverter,investment,2040,430.3,USD/kW,2022,"NREL, 2024 ATB Excel Workbook, Sheet “Utility-Scale Battery Storage”, https://data.openei.org/files/6006/2024_v3_Workbook.xlsx",Includes grid connection and project financing costs, Meaning of scenario and financial case: https://atb.nrel.gov/electricity/2024/definitions#scenarios,Market,Conservative
battery inverter,investment,2050,406.2,USD/kW,2022,"NREL, 2024 ATB Excel Workbook, Sheet “Utility-Scale Battery Storage”, https://data.openei.org/files/6006/2024_v3_Workbook.xlsx",Includes grid connection and project financing costs, Meaning of scenario and financial case: https://atb.nrel.gov/electricity/2024/definitions#scenarios,Market,Conservative
battery inverter,investment,2022,480.1,USD/kW,2022,"NREL, 2024 ATB Excel Workbook, Sheet “Utility-Scale Battery Storage”, https://data.openei.org/files/6006/2024_v3_Workbook.xlsx",Includes grid connection and project financing costs, Meaning of scenario and financial case: https://atb.nrel.gov/electricity/2024/definitions#scenarios,Market,Advanced
battery inverter,investment,2030,294.7,USD/kW,2022,"NREL, 2024 ATB Excel Workbook, Sheet “Utility-Scale Battery Storage”, https://data.openei.org/files/6006/2024_v3_Workbook.xlsx",Includes grid connection and project financing costs, Meaning of scenario and financial case: https://atb.nrel.gov/electricity/2024/definitions#scenarios,Market,Advanced
battery inverter,investment,2040,262,USD/kW,2022,"NREL, 2024 ATB Excel Workbook, Sheet “Utility-Scale Battery Storage”, https://data.openei.org/files/6006/2024_v3_Workbook.xlsx",Includes grid connection and project financing costs, Meaning of scenario and financial case: https://atb.nrel.gov/electricity/2024/definitions#scenarios,Market,Advanced
battery inverter,investment,2050,226.6,USD/kW,2022,"NREL, 2024 ATB Excel Workbook, Sheet “Utility-Scale Battery Storage”, https://data.openei.org/files/6006/2024_v3_Workbook.xlsx",Includes grid connection and project financing costs, Meaning of scenario and financial case: https://atb.nrel.gov/electricity/2024/definitions#scenarios,Market,Advanced
battery storage,FOM,2022,2.5,%/year,2022,"NREL, 2024 ATB Excel Workbook, Sheet “Utility-Scale Battery Storage”, https://data.openei.org/files/6006/2024_v3_Workbook.xlsx",Meaning of scenario and financial case: https://atb.nrel.gov/electricity/2024/definitions#scenarios,R&D,Moderate,
battery storage,FOM,2030,2.5,%/year,2022,"NREL, 2024 ATB Excel Workbook, Sheet “Utility-Scale Battery Storage”, https://data.openei.org/files/6006/2024_v3_Workbook.xlsx",Meaning of scenario and financial case: https://atb.nrel.gov/electricity/2024/definitions#scenarios,R&D,Moderate,
battery storage,FOM,2040,2.5,%/year,2022,"NREL, 2024 ATB Excel Workbook, Sheet “Utility-Scale Battery Storage”, https://data.openei.org/files/6006/2024_v3_Workbook.xlsx",Meaning of scenario and financial case: https://atb.nrel.gov/electricity/2024/definitions#scenarios,R&D,Moderate,
battery storage,FOM,2050,2.5,%/year,2022,"NREL, 2024 ATB Excel Workbook, Sheet “Utility-Scale Battery Storage”, https://data.openei.org/files/6006/2024_v3_Workbook.xlsx",Meaning of scenario and financial case: https://atb.nrel.gov/electricity/2024/definitions#scenarios,R&D,Moderate,
battery storage,FOM,2022,2.5,%/year,2022,"NREL, 2024 ATB Excel Workbook, Sheet “Utility-Scale Battery Storage”, https://data.openei.org/files/6006/2024_v3_Workbook.xlsx",Meaning of scenario and financial case: https://atb.nrel.gov/electricity/2024/definitions#scenarios,R&D,Conservative,
battery storage,FOM,2030,2.5,%/year,2022,"NREL, 2024 ATB Excel Workbook, Sheet “Utility-Scale Battery Storage”, https://data.openei.org/files/6006/2024_v3_Workbook.xlsx",Meaning of scenario and financial case: https://atb.nrel.gov/electricity/2024/definitions#scenarios,R&D,Conservative,
battery storage,FOM,2040,2.5,%/year,2022,"NREL, 2024 ATB Excel Workbook, Sheet “Utility-Scale Battery Storage”, https://data.openei.org/files/6006/2024_v3_Workbook.xlsx",Meaning of scenario and financial case: https://atb.nrel.gov/electricity/2024/definitions#scenarios,R&D,Conservative,
battery storage,FOM,2050,2.5,%/year,2022,"NREL, 2024 ATB Excel Workbook, Sheet “Utility-Scale Battery Storage”, https://data.openei.org/files/6006/2024_v3_Workbook.xlsx",Meaning of scenario and financial case: https://atb.nrel.gov/electricity/2024/definitions#scenarios,R&D,Conservative,
battery storage,FOM,2022,2.5,%/year,2022,"NREL, 2024 ATB Excel Workbook, Sheet “Utility-Scale Battery Storage”, https://data.openei.org/files/6006/2024_v3_Workbook.xlsx",Meaning of scenario and financial case: https://atb.nrel.gov/electricity/2024/definitions#scenarios,R&D,Advanced,
battery storage,FOM,2030,2.5,%/year,2022,"NREL, 2024 ATB Excel Workbook, Sheet “Utility-Scale Battery Storage”, https://data.openei.org/files/6006/2024_v3_Workbook.xlsx",Meaning of scenario and financial case: https://atb.nrel.gov/electricity/2024/definitions#scenarios,R&D,Advanced,
battery storage,FOM,2040,2.5,%/year,2022,"NREL, 2024 ATB Excel Workbook, Sheet “Utility-Scale Battery Storage”, https://data.openei.org/files/6006/2024_v3_Workbook.xlsx",Meaning of scenario and financial case: https://atb.nrel.gov/electricity/2024/definitions#scenarios,R&D,Advanced,
battery storage,FOM,2050,2.5,%/year,2022,"NREL, 2024 ATB Excel Workbook, Sheet “Utility-Scale Battery Storage”, https://data.openei.org/files/6006/2024_v3_Workbook.xlsx",Meaning of scenario and financial case: https://atb.nrel.gov/electricity/2024/definitions#scenarios,R&D,Advanced,
battery storage,FOM,2022,2.5,%/year,2022,"NREL, 2024 ATB Excel Workbook, Sheet “Utility-Scale Battery Storage”, https://data.openei.org/files/6006/2024_v3_Workbook.xlsx",Meaning of scenario and financial case: https://atb.nrel.gov/electricity/2024/definitions#scenarios,Market,Moderate,
battery storage,FOM,2030,2.5,%/year,2022,"NREL, 2024 ATB Excel Workbook, Sheet “Utility-Scale Battery Storage”, https://data.openei.org/files/6006/2024_v3_Workbook.xlsx",Meaning of scenario and financial case: https://atb.nrel.gov/electricity/2024/definitions#scenarios,Market,Moderate,
battery storage,FOM,2040,2.5,%/year,2022,"NREL, 2024 ATB Excel Workbook, Sheet “Utility-Scale Battery Storage”, https://data.openei.org/files/6006/2024_v3_Workbook.xlsx",Meaning of scenario and financial case: https://atb.nrel.gov/electricity/2024/definitions#scenarios,Market,Moderate,
battery storage,FOM,2050,2.5,%/year,2022,"NREL, 2024 ATB Excel Workbook, Sheet “Utility-Scale Battery Storage”, https://data.openei.org/files/6006/2024_v3_Workbook.xlsx",Meaning of scenario and financial case: https://atb.nrel.gov/electricity/2024/definitions#scenarios,Market,Moderate,
battery storage,FOM,2022,2.5,%/year,2022,"NREL, 2024 ATB Excel Workbook, Sheet “Utility-Scale Battery Storage”, https://data.openei.org/files/6006/2024_v3_Workbook.xlsx",Meaning of scenario and financial case: https://atb.nrel.gov/electricity/2024/definitions#scenarios,Market,Conservative,
battery storage,FOM,2030,2.5,%/year,2022,"NREL, 2024 ATB Excel Workbook, Sheet “Utility-Scale Battery Storage”, https://data.openei.org/files/6006/2024_v3_Workbook.xlsx",Meaning of scenario and financial case: https://atb.nrel.gov/electricity/2024/definitions#scenarios,Market,Conservative,
battery storage,FOM,2040,2.5,%/year,2022,"NREL, 2024 ATB Excel Workbook, Sheet “Utility-Scale Battery Storage”, https://data.openei.org/files/6006/2024_v3_Workbook.xlsx",Meaning of scenario and financial case: https://atb.nrel.gov/electricity/2024/definitions#scenarios,Market,Conservative,
battery storage,FOM,2050,2.5,%/year,2022,"NREL, 2024 ATB Excel Workbook, Sheet “Utility-Scale Battery Storage”, https://data.openei.org/files/6006/2024_v3_Workbook.xlsx",Meaning of scenario and financial case: https://atb.nrel.gov/electricity/2024/definitions#scenarios,Market,Conservative,
battery storage,FOM,2022,2.5,%/year,2022,"NREL, 2024 ATB Excel Workbook, Sheet “Utility-Scale Battery Storage”, https://data.openei.org/files/6006/2024_v3_Workbook.xlsx",Meaning of scenario and financial case: https://atb.nrel.gov/electricity/2024/definitions#scenarios,Market,Advanced,
battery storage,FOM,2030,2.5,%/year,2022,"NREL, 2024 ATB Excel Workbook, Sheet “Utility-Scale Battery Storage”, https://data.openei.org/files/6006/2024_v3_Workbook.xlsx",Meaning of scenario and financial case: https://atb.nrel.gov/electricity/2024/definitions#scenarios,Market,Advanced,
battery storage,FOM,2040,2.5,%/year,2022,"NREL, 2024 ATB Excel Workbook, Sheet “Utility-Scale Battery Storage”, https://data.openei.org/files/6006/2024_v3_Workbook.xlsx",Meaning of scenario and financial case: https://atb.nrel.gov/electricity/2024/definitions#scenarios,Market,Advanced,
battery storage,FOM,2050,2.5,%/year,2022,"NREL, 2024 ATB Excel Workbook, Sheet “Utility-Scale Battery Storage”, https://data.openei.org/files/6006/2024_v3_Workbook.xlsx",Meaning of scenario and financial case: https://atb.nrel.gov/electricity/2024/definitions#scenarios,Market,Advanced,
battery inverter,FOM,2022,2.5,%/year,2022,"NREL, 2024 ATB Excel Workbook, Sheet “Utility-Scale Battery Storage”, https://data.openei.org/files/6006/2024_v3_Workbook.xlsx",Meaning of scenario and financial case: https://atb.nrel.gov/electricity/2024/definitions#scenarios,R&D,Moderate,
battery inverter,FOM,2030,2.5,%/year,2022,"NREL, 2024 ATB Excel Workbook, Sheet “Utility-Scale Battery Storage”, https://data.openei.org/files/6006/2024_v3_Workbook.xlsx",Meaning of scenario and financial case: https://atb.nrel.gov/electricity/2024/definitions#scenarios,R&D,Moderate,
battery inverter,FOM,2040,2.5,%/year,2022,"NREL, 2024 ATB Excel Workbook, Sheet “Utility-Scale Battery Storage”, https://data.openei.org/files/6006/2024_v3_Workbook.xlsx",Meaning of scenario and financial case: https://atb.nrel.gov/electricity/2024/definitions#scenarios,R&D,Moderate,
battery inverter,FOM,2050,2.5,%/year,2022,"NREL, 2024 ATB Excel Workbook, Sheet “Utility-Scale Battery Storage”, https://data.openei.org/files/6006/2024_v3_Workbook.xlsx",Meaning of scenario and financial case: https://atb.nrel.gov/electricity/2024/definitions#scenarios,R&D,Moderate,
battery inverter,FOM,2022,2.5,%/year,2022,"NREL, 2024 ATB Excel Workbook, Sheet “Utility-Scale Battery Storage”, https://data.openei.org/files/6006/2024_v3_Workbook.xlsx",Meaning of scenario and financial case: https://atb.nrel.gov/electricity/2024/definitions#scenarios,R&D,Conservative,
battery inverter,FOM,2030,2.5,%/year,2022,"NREL, 2024 ATB Excel Workbook, Sheet “Utility-Scale Battery Storage”, https://data.openei.org/files/6006/2024_v3_Workbook.xlsx",Meaning of scenario and financial case: https://atb.nrel.gov/electricity/2024/definitions#scenarios,R&D,Conservative,
battery inverter,FOM,2040,2.5,%/year,2022,"NREL, 2024 ATB Excel Workbook, Sheet “Utility-Scale Battery Storage”, https://data.openei.org/files/6006/2024_v3_Workbook.xlsx",Meaning of scenario and financial case: https://atb.nrel.gov/electricity/2024/definitions#scenarios,R&D,Conservative,
battery inverter,FOM,2050,2.5,%/year,2022,"NREL, 2024 ATB Excel Workbook, Sheet “Utility-Scale Battery Storage”, https://data.openei.org/files/6006/2024_v3_Workbook.xlsx",Meaning of scenario and financial case: https://atb.nrel.gov/electricity/2024/definitions#scenarios,R&D,Conservative,
battery inverter,FOM,2022,2.5,%/year,2022,"NREL, 2024 ATB Excel Workbook, Sheet “Utility-Scale Battery Storage”, https://data.openei.org/files/6006/2024_v3_Workbook.xlsx",Meaning of scenario and financial case: https://atb.nrel.gov/electricity/2024/definitions#scenarios,R&D,Advanced,
battery inverter,FOM,2030,2.5,%/year,2022,"NREL, 2024 ATB Excel Workbook, Sheet “Utility-Scale Battery Storage”, https://data.openei.org/files/6006/2024_v3_Workbook.xlsx",Meaning of scenario and financial case: https://atb.nrel.gov/electricity/2024/definitions#scenarios,R&D,Advanced,
battery inverter,FOM,2040,2.5,%/year,2022,"NREL, 2024 ATB Excel Workbook, Sheet “Utility-Scale Battery Storage”, https://data.openei.org/files/6006/2024_v3_Workbook.xlsx",Meaning of scenario and financial case: https://atb.nrel.gov/electricity/2024/definitions#scenarios,R&D,Advanced,
battery inverter,FOM,2050,2.5,%/year,2022,"NREL, 2024 ATB Excel Workbook, Sheet “Utility-Scale Battery Storage”, https://data.openei.org/files/6006/2024_v3_Workbook.xlsx",Meaning of scenario and financial case: https://atb.nrel.gov/electricity/2024/definitions#scenarios,R&D,Advanced,
battery inverter,FOM,2022,2.5,%/year,2022,"NREL, 2024 ATB Excel Workbook, Sheet “Utility-Scale Battery Storage”, https://data.openei.org/files/6006/2024_v3_Workbook.xlsx",Meaning of scenario and financial case: https://atb.nrel.gov/electricity/2024/definitions#scenarios,Market,Moderate,
battery inverter,FOM,2030,2.5,%/year,2022,"NREL, 2024 ATB Excel Workbook, Sheet “Utility-Scale Battery Storage”, https://data.openei.org/files/6006/2024_v3_Workbook.xlsx",Meaning of scenario and financial case: https://atb.nrel.gov/electricity/2024/definitions#scenarios,Market,Moderate,
battery inverter,FOM,2040,2.5,%/year,2022,"NREL, 2024 ATB Excel Workbook, Sheet “Utility-Scale Battery Storage”, https://data.openei.org/files/6006/2024_v3_Workbook.xlsx",Meaning of scenario and financial case: https://atb.nrel.gov/electricity/2024/definitions#scenarios,Market,Moderate,
battery inverter,FOM,2050,2.5,%/year,2022,"NREL, 2024 ATB Excel Workbook, Sheet “Utility-Scale Battery Storage”, https://data.openei.org/files/6006/2024_v3_Workbook.xlsx",Meaning of scenario and financial case: https://atb.nrel.gov/electricity/2024/definitions#scenarios,Market,Moderate,
battery inverter,FOM,2022,2.5,%/year,2022,"NREL, 2024 ATB Excel Workbook, Sheet “Utility-Scale Battery Storage”, https://data.openei.org/files/6006/2024_v3_Workbook.xlsx",Meaning of scenario and financial case: https://atb.nrel.gov/electricity/2024/definitions#scenarios,Market,Conservative,
battery inverter,FOM,2030,2.5,%/year,2022,"NREL, 2024 ATB Excel Workbook, Sheet “Utility-Scale Battery Storage”, https://data.openei.org/files/6006/2024_v3_Workbook.xlsx",Meaning of scenario and financial case: https://atb.nrel.gov/electricity/2024/definitions#scenarios,Market,Conservative,
battery inverter,FOM,2040,2.5,%/year,2022,"NREL, 2024 ATB Excel Workbook, Sheet “Utility-Scale Battery Storage”, https://data.openei.org/files/6006/2024_v3_Workbook.xlsx",Meaning of scenario and financial case: https://atb.nrel.gov/electricity/2024/definitions#scenarios,Market,Conservative,
battery inverter,FOM,2050,2.5,%/year,2022,"NREL, 2024 ATB Excel Workbook, Sheet “Utility-Scale Battery Storage”, https://data.openei.org/files/6006/2024_v3_Workbook.xlsx",Meaning of scenario and financial case: https://atb.nrel.gov/electricity/2024/definitions#scenarios,Market,Conservative,
battery inverter,FOM,2022,2.5,%/year,2022,"NREL, 2024 ATB Excel Workbook, Sheet “Utility-Scale Battery Storage”, https://data.openei.org/files/6006/2024_v3_Workbook.xlsx",Meaning of scenario and financial case: https://atb.nrel.gov/electricity/2024/definitions#scenarios,Market,Advanced,
battery inverter,FOM,2030,2.5,%/year,2022,"NREL, 2024 ATB Excel Workbook, Sheet “Utility-Scale Battery Storage”, https://data.openei.org/files/6006/2024_v3_Workbook.xlsx",Meaning of scenario and financial case: https://atb.nrel.gov/electricity/2024/definitions#scenarios,Market,Advanced,
battery inverter,FOM,2040,2.5,%/year,2022,"NREL, 2024 ATB Excel Workbook, Sheet “Utility-Scale Battery Storage”, https://data.openei.org/files/6006/2024_v3_Workbook.xlsx",Meaning of scenario and financial case: https://atb.nrel.gov/electricity/2024/definitions#scenarios,Market,Advanced,
battery inverter,FOM,2050,2.5,%/year,2022,"NREL, 2024 ATB Excel Workbook, Sheet “Utility-Scale Battery Storage”, https://data.openei.org/files/6006/2024_v3_Workbook.xlsx",Meaning of scenario and financial case: https://atb.nrel.gov/electricity/2024/definitions#scenarios,Market,Advanced,
battery storage,lifetime,2022,15,years,-,"NREL, 2024 ATB Excel Workbook, Sheet “Utility-Scale Battery Storage”, https://data.openei.org/files/6006/2024_v3_Workbook.xlsx",,,,
battery inverter,lifetime,2022,15,years,-,"NREL, 2024 ATB Excel Workbook, Sheet “Utility-Scale Battery Storage”, https://data.openei.org/files/6006/2024_v3_Workbook.xlsx",,,,
grey methanol synthesis,efficiency,2020,0.594,p.u.,2017,"IEA, The Future of Hydrogen, https://iea.blob.core.windows.net/assets/29b027e5-fefc-47df-aed0-456b1bb38844/IEA-The-Future-of-Hydrogen-Assumptions-Annex_CORR.pdf, page 5",,,,
grey methanol synthesis,carbondioxide-output,2020,0.086,tCO2/MWh_gas,-,"IEA, The Future of Hydrogen, https://iea.blob.core.windows.net/assets/29b027e5-fefc-47df-aed0-456b1bb38844/IEA-The-Future-of-Hydrogen-Assumptions-Annex_CORR.pdf, page 5",,,,
grey methanol synthesis,investment,2020,420,EUR/kW,2017,"IEA, The Future of Hydrogen, https://iea.blob.core.windows.net/assets/29b027e5-fefc-47df-aed0-456b1bb38844/IEA-The-Future-of-Hydrogen-Assumptions-Annex_CORR.pdf, page 5",,,,
grey methanol synthesis,FOM,2020,2.5,%/year,2017,"IEA, The Future of Hydrogen, https://iea.blob.core.windows.net/assets/29b027e5-fefc-47df-aed0-456b1bb38844/IEA-The-Future-of-Hydrogen-Assumptions-Annex_CORR.pdf, page 5",,,,
grey methanol synthesis,VOM,2020,3,EUR/MWh,2017,"IEA, The Future of Hydrogen, https://iea.blob.core.windows.net/assets/29b027e5-fefc-47df-aed0-456b1bb38844/IEA-The-Future-of-Hydrogen-Assumptions-Annex_CORR.pdf, page 5",,,,
grey methanol synthesis,lifetime,2020,25,years,-,"IEA, The Future of Hydrogen, https://iea.blob.core.windows.net/assets/29b027e5-fefc-47df-aed0-456b1bb38844/IEA-The-Future-of-Hydrogen-Assumptions-Annex_CORR.pdf, page 5",,,,
grey methanol synthesis,electricity-input,2020,0.015,MWh_el/MWh_gas,-,"IEA, The Future of Hydrogen, https://iea.blob.core.windows.net/assets/29b027e5-fefc-47df-aed0-456b1bb38844/IEA-The-Future-of-Hydrogen-Assumptions-Annex_CORR.pdf, page 5",,,,
grey methanol synthesis,efficiency,2030,0.603,p.u.,-,"IEA, The Future of Hydrogen, https://iea.blob.core.windows.net/assets/29b027e5-fefc-47df-aed0-456b1bb38844/IEA-The-Future-of-Hydrogen-Assumptions-Annex_CORR.pdf, page 5",,,,
grey methanol synthesis,carbondioxide-output,2030,0.0766,tCO2/MWh_gas,-,"IEA, The Future of Hydrogen, https://iea.blob.core.windows.net/assets/29b027e5-fefc-47df-aed0-456b1bb38844/IEA-The-Future-of-Hydrogen-Assumptions-Annex_CORR.pdf, page 5",,,,
grey methanol synthesis,investment,2030,420,EUR/kW,2017,"IEA, The Future of Hydrogen, https://iea.blob.core.windows.net/assets/29b027e5-fefc-47df-aed0-456b1bb38844/IEA-The-Future-of-Hydrogen-Assumptions-Annex_CORR.pdf, page 5",,,,
grey methanol synthesis,FOM,2030,2.5,%/year,2017,"IEA, The Future of Hydrogen, https://iea.blob.core.windows.net/assets/29b027e5-fefc-47df-aed0-456b1bb38844/IEA-The-Future-of-Hydrogen-Assumptions-Annex_CORR.pdf, page 5",,,,
grey methanol synthesis,VOM,2030,3,EUR/MWh,2017,"IEA, The Future of Hydrogen, https://iea.blob.core.windows.net/assets/29b027e5-fefc-47df-aed0-456b1bb38844/IEA-The-Future-of-Hydrogen-Assumptions-Annex_CORR.pdf, page 5",,,,
grey methanol synthesis,lifetime,2030,25,years,-,"IEA, The Future of Hydrogen, https://iea.blob.core.windows.net/assets/29b027e5-fefc-47df-aed0-456b1bb38844/IEA-The-Future-of-Hydrogen-Assumptions-Annex_CORR.pdf, page 5",,,,
grey methanol synthesis,electricity-input,2030,0.015,MWh_el/MWh_gas,-,"IEA, The Future of Hydrogen, https://iea.blob.core.windows.net/assets/29b027e5-fefc-47df-aed0-456b1bb38844/IEA-The-Future-of-Hydrogen-Assumptions-Annex_CORR.pdf, page 5",,,,
e-methanol synthesis,hydrogen-input,2020,1.37,MWh_H2/MWh_MeOH,-,"DEA, Technology Data for Renewable Fuels, https://ens.dk/en/analyses-and-statistics/technology-data-renewable-fuels, 5.2 Methanol from hydrogen",,,,
e-methanol synthesis,carbondioxide-input,2020,0.2,tCO2/MWh_MeOH,-,"DEA, Technology Data for Renewable Fuels, https://ens.dk/en/analyses-and-statistics/technology-data-renewable-fuels, 5.2 Methanol from hydrogen",,,,
e-methanol synthesis,electricity-input,2020,0.05,MWh_el/MWh_MeOH,-,"DEA, Technology Data for Renewable Fuels, https://ens.dk/en/analyses-and-statistics/technology-data-renewable-fuels, 5.2 Methanol from hydrogen",,,,
e-methanol synthesis,investment,2020,900,EUR/kW,2020,"DEA, Technology Data for Renewable Fuels, https://ens.dk/en/analyses-and-statistics/technology-data-renewable-fuels, 5.2 Methanol from hydrogen",,,,
e-methanol synthesis,FOM,2020,4,%/year,2020,"DEA, Technology Data for Renewable Fuels, https://ens.dk/en/analyses-and-statistics/technology-data-renewable-fuels, 5.2 Methanol from hydrogen",,,,
e-methanol synthesis,VOM,2020,5,EUR/MWh,2020,"DEA, Technology Data for Renewable Fuels, https://ens.dk/en/analyses-and-statistics/technology-data-renewable-fuels, 5.2 Methanol from hydrogen",,,,
e-methanol synthesis,lifetime,2020,25,years,-,"DEA, Technology Data for Renewable Fuels, https://ens.dk/en/analyses-and-statistics/technology-data-renewable-fuels, 5.2 Methanol from hydrogen",,,,
e-methanol synthesis,hydrogen-input,2025,1.1588,MWh_H2/MWh_MeOH,-,"DEA, Technology Data for Renewable Fuels, https://ens.dk/en/analyses-and-statistics/technology-data-renewable-fuels, 5.2 Methanol from hydrogen",,,,
e-methanol synthesis,carbondioxide-input,2025,0.2533,tCO2/MWh_MeOH,-,"DEA, Technology Data for Renewable Fuels, https://ens.dk/en/analyses-and-statistics/technology-data-renewable-fuels, 5.2 Methanol from hydrogen",,,,
e-methanol synthesis,electricity-input,2025,0.0181,MWh_el/MWh_MeOH,-,"DEA, Technology Data for Renewable Fuels, https://ens.dk/en/analyses-and-statistics/technology-data-renewable-fuels, 5.2 Methanol from hydrogen",,,,
e-methanol synthesis,investment,2025,1350,EUR/kW,2020,"DEA, Technology Data for Renewable Fuels, https://ens.dk/en/analyses-and-statistics/technology-data-renewable-fuels, 5.2 Methanol from hydrogen",,,,
e-methanol synthesis,FOM,2025,2.89,%/year,2020,"DEA, Technology Data for Renewable Fuels, https://ens.dk/en/analyses-and-statistics/technology-data-renewable-fuels, 5.2 Methanol from hydrogen",,,,
e-methanol synthesis,VOM,2025,0,EUR/MWh,2020,"DEA, Technology Data for Renewable Fuels, https://ens.dk/en/analyses-and-statistics/technology-data-renewable-fuels, 5.2 Methanol from hydrogen",,,,
e-methanol synthesis,lifetime,2025,30,years,-,"DEA, Technology Data for Renewable Fuels, https://ens.dk/en/analyses-and-statistics/technology-data-renewable-fuels, 5.2 Methanol from hydrogen",,,,
e-methanol synthesis,hydrogen-input,2030,1.3,MWh_H2/MWh_MeOH,-,"DEA, Technology Data for Renewable Fuels, https://ens.dk/en/analyses-and-statistics/technology-data-renewable-fuels, 5.2 Methanol from hydrogen",,,,
e-methanol synthesis,carbondioxide-input,2030,0.2,tCO2/MWh_MeOH,-,"DEA, Technology Data for Renewable Fuels, https://ens.dk/en/analyses-and-statistics/technology-data-renewable-fuels, 5.2 Methanol from hydrogen",,,,
e-methanol synthesis,electricity-input,2030,0.04,MWh_el/MWh_MeOH,-,"DEA, Technology Data for Renewable Fuels, https://ens.dk/en/analyses-and-statistics/technology-data-renewable-fuels, 5.2 Methanol from hydrogen",,,,
e-methanol synthesis,investment,2030,700,EUR/kW,2020,"DEA, Technology Data for Renewable Fuels, https://ens.dk/en/analyses-and-statistics/technology-data-renewable-fuels, 5.2 Methanol from hydrogen",,,,
e-methanol synthesis,FOM,2030,3.5,%/year,2020,"DEA, Technology Data for Renewable Fuels, https://ens.dk/en/analyses-and-statistics/technology-data-renewable-fuels, 5.2 Methanol from hydrogen",,,,
e-methanol synthesis,VOM,2030,4,EUR/MWh,2020,"DEA, Technology Data for Renewable Fuels, https://ens.dk/en/analyses-and-statistics/technology-data-renewable-fuels, 5.2 Methanol from hydrogen",,,,
e-methanol synthesis,lifetime,2030,25,years,-,"DEA, Technology Data for Renewable Fuels, https://ens.dk/en/analyses-and-statistics/technology-data-renewable-fuels, 5.2 Methanol from hydrogen",,,,
e-methanol synthesis,hydrogen-input,2040,1.1588,MWh_H2/MWh_MeOH,-,"DEA, Technology Data for Renewable Fuels, https://ens.dk/en/analyses-and-statistics/technology-data-renewable-fuels, 5.2 Methanol from hydrogen",,,,
e-methanol synthesis,carbondioxide-input,2040,0.2533,tCO2/MWh_MeOH,-,"DEA, Technology Data for Renewable Fuels, https://ens.dk/en/analyses-and-statistics/technology-data-renewable-fuels, 5.2 Methanol from hydrogen",,,,
e-methanol synthesis,electricity-input,2040,0.0181,MWh_el/MWh_MeOH,-,"DEA, Technology Data for Renewable Fuels, https://ens.dk/en/analyses-and-statistics/technology-data-renewable-fuels, 5.2 Methanol from hydrogen",,,,
e-methanol synthesis,investment,2040,960,EUR/kW,2020,"DEA, Technology Data for Renewable Fuels, https://ens.dk/en/analyses-and-statistics/technology-data-renewable-fuels, 5.2 Methanol from hydrogen",,,,
e-methanol synthesis,FOM,2040,3.12,%/year,2020,"DEA, Technology Data for Renewable Fuels, https://ens.dk/en/analyses-and-statistics/technology-data-renewable-fuels, 5.2 Methanol from hydrogen",,,,
e-methanol synthesis,VOM,2040,0,EUR/MWh,2020,"DEA, Technology Data for Renewable Fuels, https://ens.dk/en/analyses-and-statistics/technology-data-renewable-fuels, 5.2 Methanol from hydrogen",,,,
e-methanol synthesis,lifetime,2040,30,years,-,"DEA, Technology Data for Renewable Fuels, https://ens.dk/en/analyses-and-statistics/technology-data-renewable-fuels, 5.2 Methanol from hydrogen",,,,
e-methanol synthesis,hydrogen-input,2050,1.1588,MWh_H2/MWh_MeOH,-,"DEA, Technology Data for Renewable Fuels, https://ens.dk/en/analyses-and-statistics/technology-data-renewable-fuels, 5.2 Methanol from hydrogen",,,,
e-methanol synthesis,carbondioxide-input,2050,0.2533,tCO2/MWh_MeOH,-,"DEA, Technology Data for Renewable Fuels, https://ens.dk/en/analyses-and-statistics/technology-data-renewable-fuels, 5.2 Methanol from hydrogen",,,,
e-methanol synthesis,electricity-input,2050,0.0181,MWh_el/MWh_MeOH,-,"DEA, Technology Data for Renewable Fuels, https://ens.dk/en/analyses-and-statistics/technology-data-renewable-fuels, 5.2 Methanol from hydrogen",,,,
e-methanol synthesis,investment,2050,870,EUR/kW,2020,"DEA, Technology Data for Renewable Fuels, https://ens.dk/en/analyses-and-statistics/technology-data-renewable-fuels, 5.2 Methanol from hydrogen",,,,
e-methanol synthesis,FOM,2050,2.99,%/year,2020,"DEA, Technology Data for Renewable Fuels, https://ens.dk/en/analyses-and-statistics/technology-data-renewable-fuels, 5.2 Methanol from hydrogen",,,,
e-methanol synthesis,VOM,2050,0,EUR/MWh,2020,"DEA, Technology Data for Renewable Fuels, https://ens.dk/en/analyses-and-statistics/technology-data-renewable-fuels, 5.2 Methanol from hydrogen",,,,
e-methanol synthesis,lifetime,2050,30,years,-,"DEA, Technology Data for Renewable Fuels, https://ens.dk/en/analyses-and-statistics/technology-data-renewable-fuels, 5.2 Methanol from hydrogen",,,,
